JQ067084	JF939047	37804	28790	37112	28098	0.0	640	231
JQ067084	JF939047	12497	11471	12970	11944	0.0	432	158
JQ067084	JF939047	11543	10517	11905	10879	0.0	400	121
JQ067084	JF939047	27760	25527	27188	24955	0.0	388	191
JQ067084	JF939047	12089	11057	12493	11461	0.0	367	135
JQ067084	JF939047	37119	28105	37805	28791	0.0	358	229
JQ067084	JF939047	27190	24915	26849	24574	0.0	322	114
JQ067084	JF939047	38272	29270	38021	29019	0.0	308	84
JQ067084	JF939047	36949	27938	36719	27708	0.0	260	77
JQ067084	JF939047	23471	22751	23881	23161	0.0	254	137
JQ067084	JF939047	49464	36501	49631	36668	0.0	254	56
JQ067084	JF939047	12495	11463	12079	11047	0.0	243	139
JQ067084	JF939047	12978	11952	12496	11470	0.0	237	161
JQ067084	JF939047	13119	12108	13502	12491	0.0	233	128
JQ067084	JF939047	16048	15836	16461	16249	0.0	231	138
JQ067084	JF939047	11745	10719	11542	10516	0.0	223	68
JQ067084	JF939047	38706	29697	38440	29431	0.0	222	89
JQ067084	JF939047	39147	30183	38941	29977	0.0	199	69
JQ067084	JF939047	26455	24330	26261	24136	0.0	198	65
JQ067084	JF939047	23063	22340	23437	22714	0.0	187	125
JQ067084	JF939047	49630	36667	49466	36503	0.0	185	55
JQ067084	JF939047	38942	29978	39148	30184	0.0	183	69
JQ067084	JF939047	16507	16289	16797	16579	0.0	173	97
JQ067084	JF939047	28255	26061	27968	25774	0.0	163	96
JQ067084	JF939047	40493	31730	40113	31350	0.0	161	127
JQ067084	JF939047	38005	28961	37838	28794	0.0	151	56
JQ067084	JF939047	18030	17378	18170	17518	0.0	141	47
JQ067084	JF939047	26850	24575	27185	24910	0.0	137	112
JQ067084	JF939047	14081	13077	14179	13175	0.0	130	33
JQ067084	JF939047	49323	36360	49406	36443	0.0	129	28
JQ067084	JF939047	40917	32247	40615	31945	0.0	128	101
JQ067084	JF939047	38033	29031	38284	29282	0.0	127	84
JQ067084	JF939047	29023	26811	28775	26563	0.0	122	83
JQ067084	JF939047	22223	21701	22432	21910	0.0	121	70
JQ067084	JF939047	45141	33364	44914	33137	0.0	118	76
JQ067084	JF939047	26785	24483	26639	24337	0.0	117	49
JQ067084	JF939047	41115	32400	40957	32242	0.0	116	53
JQ067084	JF939047	13635	12624	13432	12421	0.0	114	68
JQ067084	JF939047	36723	27712	36947	27936	0.0	112	75
JQ067084	JF939047	22787	22076	22996	22285	0.0	110	70
JQ067084	JF939047	20076	19515	20321	19760	0.0	109	82
JQ067084	JF939047	27171	24938	27473	25240	0.0	107	101
JQ067084	JF939047	27880	25644	27761	25525	0.0	103	40
JQ067084	JF939047	26322	24197	26453	24328	0.0	103	44
JQ067084	JF939047	37087	28094	36956	27963	0.0	102	44
JQ067084	JF939047	18725	18070	18826	18171	0.0	99	34
JQ067084	JF939047	13835	12804	14011	12980	0.0	97	59
JQ067084	JF939047	44548	32617	44408	32477	0.0	96	47
JQ067084	JF939047	4343	4490	4534	4681	0.0	95	64
JQ067084	JF939047	14175	13171	14074	13070	0.0	94	34
JQ067084	JF939047	28696	26484	28478	26266	0.0	92	73
JQ067084	JF939047	3791	3908	3991	4108	0.0	90	67
JQ067084	JF939047	11441	10403	11536	10498	0.0	90	32
JQ067084	JF939047	17026	16880	17163	17017	0.0	90	46
JQ067084	JF939047	22643	21929	22774	22060	0.0	90	44
JQ067084	JF939047	16797	16579	16552	16334	0.0	90	82
JQ067084	JF939047	5882	6037	5986	6141	0.0	89	35
JQ067084	JF939047	21383	20858	21559	21034	0.0	89	59
JQ067084	JF939047	13664	12650	13804	12790	0.0	87	47
JQ067084	JF939047	49407	36444	49327	36364	0.0	86	27
JQ067084	JF939047	11942	10913	12040	11011	0.0	86	33
JQ067084	JF939047	19568	18994	19663	19089	0.0	86	32
JQ067084	JF939047	38444	29435	38704	29695	0.0	82	87
JQ067084	JF939047	22425	21903	22321	21799	0.0	78	35
JQ067084	JF939047	11359	10301	11451	10393	0.0	76	31
JQ067084	JF939047	24329	23672	24517	23860	0.0	74	63
JQ067084	JF939047	40970	32255	41104	32389	0.0	73	45
JQ067084	JF939047	38934	29934	38875	29875	0.0	72	20
JQ067084	JF939047	10160	9062	10246	9148	0.0	70	29
JQ067084	JF939047	18169	17517	18029	17377	0.0	70	47
JQ067084	JF939047	11941	10915	11837	10811	0.0	70	35
JQ067084	JF939047	23709	22989	23470	22750	0.0	69	80
JQ067084	JF939047	27546	25313	27680	25447	0.0	69	45
JQ067084	JF939047	27762	25526	27896	25660	0.0	68	45
JQ067084	JF939047	10328	9224	10384	9280	0.0	66	19
JQ067084	JF939047	40629	31926	40531	31828	0.0	65	33
JQ067084	JF939047	22773	22059	22654	21940	0.0	63	40
JQ067084	JF939047	5985	6140	5890	6045	0.0	63	32
JQ067084	JF939047	14010	12979	13945	12914	0.0	62	22
JQ067084	JF939047	37839	28795	37910	28866	0.0	61	24
JQ067084	JF939047	8789	8992	8685	8888	0.0	61	35
JQ067084	JF939047	10517	9413	10561	9457	0.0	60	15
JQ067084	JF939047	44414	32483	44551	32620	0.0	60	46
JQ067084	JF939047	6495	6445	6644	6594	0.0	59	50
JQ067084	JF939047	13047	12030	13121	12104	0.0	59	25
JQ067084	JF939047	10272	9174	10150	9052	0.0	59	41
JQ067084	JF939047	46813	36009	46754	35950	0.0	57	20
JQ067084	JF939047	50541	39324	50654	39437	0.0	56	38
JQ067084	JF939047	40116	31353	40205	31442	0.0	52	30
JQ067084	JF939047	54567	42208	54638	42279	0.0	52	24
JQ067084	JF939047	10413	9309	10327	9223	0.0	50	29
JQ067084	JF939047	47126	35041	47176	35091	0.0	50	17
JQ067084	JF939047	28948	26652	29031	26735	0.0	49	28
JQ067084	JF939047	10560	9456	10525	9421	0.0	49	12
JQ067084	JF939047	52349	39980	52477	40108	0.0	49	43
JQ067084	JF939047	54077	42453	54030	42406	0.0	48	16
JQ067084	JF939047	26649	24347	26777	24475	0.0	48	43
JQ067084	JF939047	12008	10979	11946	10917	0.0	48	21
JQ067084	JF939047	45007	33410	45096	33499	0.0	48	30
JQ067084	JF939047	4534	4681	4355	4502	0.0	48	60
JQ067084	JF939047	11032	9932	11103	10003	0.0	47	24
JQ067084	JF939047	21704	21185	21787	21268	0.0	47	28
JQ067084	JF939047	4139	4283	4252	4396	0.0	46	38
JQ067084	JF939047	46364	33435	46326	33397	0.0	46	13
JQ067084	JF939047	18859	19376	18794	19311	0.0	46	22
JQ067084	JF939047	6188	6175	6325	6312	0.0	45	46
JQ067084	JF939047	7638	7538	7760	7660	0.0	45	41
JQ067084	JF939047	18632	19290	18549	19207	0.0	45	28
JQ067084	JF939047	39132	31208	39176	31252	0.0	45	15
JQ067084	JF939047	20337	19779	20393	19835	0.0	44	19
JQ067084	JF939047	21575	20662	21546	20633	0.0	44	10
JQ067084	JF939047	36957	27964	37085	28092	0.0	44	43
JQ067084	JF939047	7801	7842	7869	7910	0.0	43	23
JQ067084	JF939047	33249	27086	33175	27012	0.0	43	25
JQ067084	JF939047	23277	22554	23188	22465	0.0	43	30
JQ067084	JF939047	14839	15290	14765	15216	0.0	43	25
JQ067084	JF939047	47616	35590	47711	35685	0.0	43	32
JQ067084	JF939047	2489	3236	2400	3147	0.0	43	30
JQ067084	JF939047	55696	42504	55631	42439	0.0	42	22
JQ067084	JF939047	1311	519	1379	587	0.0	42	23
JQ067084	JF939047	53285	38831	53223	38769	0.0	42	21
JQ067084	JF939047	14277	13725	14390	13838	0.0	42	38
JQ067084	JF939047	50356	38447	50400	38491	0.0	42	15
JQ067084	JF939047	1162	66	1203	107	0.0	41	14
JQ067084	JF939047	46041	34343	46112	34414	0.0	41	24
JQ067084	JF939047	8222	7354	8178	7310	0.0	41	15
JQ067084	JF939047	46724	34815	46329	35210	5.32e-84	236	132
JQ067084	JF939047	46331	35211	46002	35540	5.32e-84	216	110
JQ067084	JF939047	47444	34215	47232	34427	5.32e-84	157	71
JQ067084	JF939047	45875	35670	45651	35894	5.32e-84	154	75
JQ067084	JF939047	47087	34569	46956	34700	5.32e-84	114	44
JQ067084	JF939047	25644	41892	25546	41990	5.32e-84	108	33
JQ067084	JF939047	47165	34494	47091	34568	5.32e-84	71	25
JQ067084	JF939047	47567	34125	47517	34175	5.32e-84	67	17
JQ067084	JF939047	34607	40612	34485	40734	5.32e-84	63	41
JQ067084	JF939047	55876	5753	55832	5797	5.32e-84	52	15
JQ067084	JF939047	55652	7154	55602	7204	5.32e-84	50	17
JQ067084	JF939047	54755	22308	54723	22340	5.32e-84	48	11
JQ067084	JF939047	56915	3738	56865	3788	5.32e-84	46	17
JQ067084	JF939047	54491	30940	54471	30960	5.32e-84	46	7
JQ067084	JF939047	37123	38975	37079	39019	5.32e-84	46	15
JQ067084	JF939047	31097	40872	30987	40982	5.32e-84	46	37
JQ067084	JF939047	6197	42121	6144	42174	5.32e-84	45	18
JQ067084	JF939047	55741	6813	55637	6917	5.32e-84	44	35
JQ067084	JF939047	51092	30955	51042	31005	5.32e-84	43	17
JQ067084	JF939047	30825	41245	30712	41358	5.32e-84	41	38
JQ067084	JF939047	4217	42209	4173	42253	5.32e-84	41	15
JQ067084	JF939047	2744	42511	2697	42558	5.32e-84	41	16
JQ067084	JF939047	13361	12350	13636	12625	3.00e-69	165	92
JQ067084	JF939047	49328	36365	49483	36520	3.00e-69	123	52
JQ067084	JF939047	26852	24577	27034	24759	3.00e-69	101	61
JQ067084	JF939047	38154	29152	38273	29271	3.00e-69	95	40
JQ067084	JF939047	19938	19383	20099	19544	3.00e-69	74	54
JQ067084	JF939047	37142	28128	37270	28256	3.00e-69	63	43
JQ067084	JF939047	11958	10929	12023	10994	3.00e-69	60	22
JQ067084	JF939047	16272	13825	16349	13902	3.00e-69	53	26
JQ067084	JF939047	8144	9779	8194	9829	3.00e-69	52	17
JQ067084	JF939047	36842	27831	36946	27935	3.00e-69	51	35
JQ067084	JF939047	52532	36785	52594	36847	3.00e-69	51	21
JQ067084	JF939047	27638	25405	27691	25458	3.00e-69	49	18
JQ067084	JF939047	46735	31138	46815	31218	3.00e-69	49	27
JQ067084	JF939047	22985	22239	23023	22277	3.00e-69	48	13
JQ067084	JF939047	47135	32396	47206	32467	3.00e-69	46	24
JQ067084	JF939047	4035	1816	4112	1893	3.00e-69	45	26
JQ067084	JF939047	5409	3472	5447	3510	3.00e-69	45	13
JQ067084	JF939047	12355	11362	12402	11409	3.00e-69	45	16
JQ067084	JF939047	18037	18747	18060	18770	3.00e-69	45	8
JQ067084	JF939047	24485	23822	24613	23950	3.00e-69	45	43
JQ067084	JF939047	55503	41133	55634	41264	3.00e-69	45	44
JQ067084	JF939047	4296	2657	4418	2779	3.00e-69	44	41
JQ067084	JF939047	16493	14064	16558	14129	3.00e-69	44	22
JQ067084	JF939047	46400	31063	46423	31086	3.00e-69	43	8
JQ067084	JF939047	7525	8868	7635	8978	3.00e-69	42	37
JQ067084	JF939047	46100	30270	46132	30302	3.00e-69	42	11
JQ067084	JF939047	47344	34849	47394	34899	3.00e-69	42	17
JQ067084	JF939047	52839	38324	52898	38383	3.00e-69	42	20
JQ067084	JF939047	53619	39474	53663	39518	3.00e-69	42	15
JQ067084	JF939047	54324	39534	54380	39590	3.00e-69	42	19
JQ067084	JF939047	6423	5196	6449	5222	3.00e-69	41	9
JQ067084	JF939047	6568	7646	6669	7747	3.00e-69	41	34
JQ067084	JF939047	37880	28836	38005	28961	3.00e-69	41	42
JQ067084	JF939047	56107	42082	56142	42117	3.00e-69	41	12
JQ067084	JF939047	40296	31533	40123	31360	4.50e-53	80	58
JQ067084	JF939047	40515	31809	40408	31702	4.50e-53	78	36
JQ067084	JF939047	12022	10993	11888	10859	4.50e-53	75	45
JQ067084	JF939047	49373	36410	49326	36363	4.50e-53	61	16
JQ067084	JF939047	52727	42816	52695	42784	4.50e-53	52	11
JQ067084	JF939047	34724	26839	34590	26705	4.50e-53	48	45
JQ067084	JF939047	20826	16889	20785	16848	4.50e-53	48	14
JQ067084	JF939047	16604	16386	16569	16351	4.50e-53	48	12
JQ067084	JF939047	23195	19368	23160	19333	4.50e-53	46	12
JQ067084	JF939047	10566	8523	10438	8395	4.50e-53	45	43
JQ067084	JF939047	40143	31213	40078	31148	4.50e-53	44	22
JQ067084	JF939047	33348	26537	33187	26376	4.50e-53	44	54
JQ067084	JF939047	6442	5215	6419	5192	4.50e-53	44	8
JQ067084	JF939047	5918	3718	5817	3617	4.50e-53	44	34
JQ067084	JF939047	51857	42458	51828	42429	4.50e-53	43	10
JQ067084	JF939047	4617	1015	4573	971	4.50e-53	42	15
JQ067084	JF939047	49296	33510	49246	33460	4.50e-53	41	17
JQ067084	JF939047	8996	7819	8964	7787	4.50e-53	41	11
JQ067092	JQ067084	28294	37804	27602	37112	0.0	623	231
JQ067092	JQ067084	11546	12494	12031	12979	0.0	449	162
JQ067092	JQ067084	10493	11441	10915	11863	0.0	416	141
JQ067092	JQ067084	25405	27760	24833	27188	0.0	396	191
JQ067092	JQ067084	14872	15160	15423	15711	0.0	340	184
JQ067092	JQ067084	24793	27190	24452	26849	0.0	327	114
JQ067092	JQ067084	28780	38278	28523	38021	0.0	308	86
JQ067092	JQ067084	22614	23477	22988	23851	0.0	272	125
JQ067092	JQ067084	10815	11763	10522	11470	0.0	270	98
JQ067092	JQ067084	27442	36949	27212	36719	0.0	266	77
JQ067092	JQ067084	27561	37071	27929	37439	0.0	252	123
JQ067092	JQ067084	11300	12254	11539	12493	0.0	249	80
JQ067092	JQ067084	12184	13119	12534	13469	0.0	233	117
JQ067092	JQ067084	29216	38721	28935	38440	0.0	227	94
JQ067092	JQ067084	31177	40379	30851	40053	0.0	226	109
JQ067092	JQ067084	29792	39147	29577	38932	0.0	208	72
JQ067092	JQ067084	24205	26452	24014	26261	0.0	182	64
JQ067092	JQ067084	11541	12495	11290	12244	0.0	179	84
JQ067092	JQ067084	28524	38022	28775	38273	0.0	177	84
JQ067092	JQ067084	25939	28255	25652	27968	0.0	169	96
JQ067092	JQ067084	13120	14048	13266	14194	0.0	160	49
JQ067092	JQ067084	29599	38954	29793	39148	0.0	156	65
JQ067092	JQ067084	28465	38005	28298	37838	0.0	155	56
JQ067092	JQ067084	24455	26852	24784	27181	0.0	146	110
JQ067092	JQ067084	14518	14815	14754	15051	0.0	144	79
JQ067092	JQ067084	27216	36723	27461	36968	0.0	135	82
JQ067092	JQ067084	31885	40917	31583	40615	0.0	134	101
JQ067092	JQ067084	21567	22232	21767	22432	0.0	123	67
JQ067092	JQ067084	13265	14193	13143	14071	0.0	121	41
JQ067092	JQ067084	11775	12723	11554	12502	0.0	121	74
JQ067092	JQ067084	4538	4343	4729	4534	0.0	120	64
JQ067092	JQ067084	12700	13635	12497	13432	0.0	120	68
JQ067092	JQ067084	3956	3791	4210	4045	0.0	118	85
JQ067092	JQ067084	24861	27216	25145	27500	0.0	118	95
JQ067092	JQ067084	32053	41130	31880	40957	0.0	115	58
JQ067092	JQ067084	21927	22781	22142	22996	0.0	111	72
JQ067092	JQ067084	24015	26262	24197	26444	0.0	109	61
JQ067092	JQ067084	25522	27880	25403	27761	0.0	109	40
JQ067092	JQ067084	23547	24326	23816	24595	0.0	108	90
JQ067092	JQ067084	16372	16498	16665	16791	0.0	107	98
JQ067092	JQ067084	24361	26785	24215	26639	0.0	106	49
JQ067092	JQ067084	15448	15733	15585	15870	0.0	105	46
JQ067092	JQ067084	15033	15321	14824	15112	0.0	105	70
JQ067092	JQ067084	26976	29332	26770	29126	0.0	102	69
JQ067092	JQ067084	26340	28696	26122	28478	0.0	102	73
JQ067092	JQ067084	28146	37656	28295	37805	0.0	102	50
JQ067092	JQ067084	12877	13832	13059	14014	0.0	101	61
JQ067092	JQ067084	30851	40053	31147	40349	0.0	100	99
JQ067092	JQ067084	19214	19935	19321	20042	0.0	99	36
JQ067092	JQ067084	6103	5882	6207	5986	0.0	96	35
JQ067092	JQ067084	11147	12101	11251	12205	0.0	96	35
JQ067092	JQ067084	25653	27969	25862	28178	0.0	96	70
JQ067092	JQ067084	10994	11945	11125	12076	0.0	93	44
JQ067092	JQ067084	12723	13661	12830	13768	0.0	91	36
JQ067092	JQ067084	32349	44548	32209	44408	0.0	90	47
JQ067092	JQ067084	17853	18537	17969	18653	0.0	90	39
JQ067092	JQ067084	18797	19547	18925	19675	0.0	88	43
JQ067092	JQ067084	12030	12978	11833	12781	0.0	84	66
JQ067092	JQ067084	25173	27528	25406	27761	0.0	83	78
JQ067092	JQ067084	31893	40970	32039	41116	0.0	83	49
JQ067092	JQ067084	10390	11359	10482	11451	0.0	82	31
JQ067092	JQ067084	26514	28870	26419	28775	0.0	79	32
JQ067092	JQ067084	17526	18105	17603	18182	0.0	77	26
JQ067092	JQ067084	25404	27762	25538	27896	0.0	76	45
JQ067092	JQ067084	9140	10151	9232	10243	0.0	72	31
JQ067092	JQ067084	31462	40530	31340	40408	0.0	72	41
JQ067092	JQ067084	9311	10328	9367	10384	0.0	68	19
JQ067092	JQ067084	6206	5985	6111	5890	0.0	68	32
JQ067092	JQ067084	15557	15842	15459	15744	0.0	67	33
JQ067092	JQ067084	42424	50350	42266	50192	0.0	66	53
JQ067092	JQ067084	32991	45039	32866	44914	0.0	66	42
JQ067092	JQ067084	29432	38928	29379	38875	0.0	65	18
JQ067092	JQ067084	21760	22425	21608	22273	0.0	65	51
JQ067092	JQ067084	31564	40629	31481	40546	0.0	63	28
JQ067092	JQ067084	20333	21021	20440	21128	0.0	63	36
JQ067092	JQ067084	21786	22643	21854	22711	0.0	63	23
JQ067092	JQ067084	14498	14786	14241	14529	0.0	63	86
JQ067092	JQ067084	28939	38444	29121	38626	0.0	62	61
JQ067092	JQ067084	6253	6200	6378	6325	0.0	61	42
JQ067092	JQ067084	21464	22124	21517	22177	0.0	61	18
JQ067092	JQ067084	9500	10517	9544	10561	0.0	60	15
JQ067092	JQ067084	22945	23808	22838	23701	0.0	60	36
JQ067092	JQ067084	12106	13047	12180	13121	0.0	59	25
JQ067092	JQ067084	19394	20118	19516	20240	0.0	58	41
JQ067092	JQ067084	26667	29023	26590	28946	0.0	58	26
JQ067092	JQ067084	17971	18655	17879	18563	0.0	58	31
JQ067092	JQ067084	11070	12021	10993	11944	0.0	58	26
JQ067092	JQ067084	9366	10383	9319	10336	0.0	57	16
JQ067092	JQ067084	18041	18668	18181	18808	0.0	56	47
JQ067092	JQ067084	8880	9311	8945	9376	0.0	55	22
JQ067092	JQ067084	16118	16238	16219	16339	0.0	54	34
JQ067092	JQ067084	9665	10679	9781	10795	0.0	53	39
JQ067092	JQ067084	33090	45141	33007	45058	0.0	52	28
JQ067092	JQ067084	28299	37839	28370	37910	0.0	52	24
JQ067092	JQ067084	32215	44414	32352	44551	0.0	52	46
JQ067092	JQ067084	1586	3800	1485	3699	0.0	52	34
JQ067092	JQ067084	36156	55200	36233	55277	0.0	52	26
JQ067092	JQ067084	10042	11053	10092	11103	0.0	50	17
JQ067092	JQ067084	20708	21383	20920	21595	0.0	49	71
JQ067092	JQ067084	25618	27955	25535	27872	0.0	49	28
JQ067092	JQ067084	22813	23676	22733	23596	0.0	49	27
JQ067092	JQ067084	16358	16478	16287	16407	0.0	49	24
JQ067092	JQ067084	9543	10560	9508	10525	0.0	49	12
JQ067092	JQ067084	2152	228	2289	365	0.0	48	46
JQ067092	JQ067084	23262	25052	23221	25011	0.0	48	14
JQ067092	JQ067084	32711	48927	32761	48977	0.0	48	17
JQ067092	JQ067084	32813	51679	32998	51864	0.0	48	62
JQ067092	JQ067084	19520	20238	19603	20321	0.0	47	28
JQ067092	JQ067084	35598	47887	35539	47828	0.0	46	20
JQ067092	JQ067084	34695	55080	34757	55142	0.0	45	21
JQ067092	JQ067084	4331	4139	4429	4237	0.0	44	33
JQ067092	JQ067084	27174	34335	27097	34258	0.0	44	26
JQ067092	JQ067084	5151	4968	5005	4822	0.0	43	49
JQ067092	JQ067084	21507	22167	21466	22126	0.0	42	14
JQ067092	JQ067084	41210	56998	41263	57051	0.0	42	18
JQ067092	JQ067084	34373	45466	34305	45398	0.0	41	23
JQ067092	JQ067084	17003	16820	17077	16894	0.0	41	25
JQ067092	JQ067084	23534	25314	23454	25234	0.0	41	27
JQ067092	JQ067084	17556	18097	17518	18059	0.0	41	13
JQ067092	JQ067084	15737	16325	15681	16269	0.0	41	19
JQ067092	JQ067084	5303	5163	5253	5113	0.0	41	17
JQ067092	JQ067084	1996	3950	1928	3882	0.0	41	23
JQ067092	JQ067084	34205	54191	34333	54319	0.0	41	43
JQ067092	JQ067084	22197	23063	22661	23527	1.09e-88	206	155
JQ067092	JQ067084	12495	13430	12701	13636	1.09e-88	157	69
JQ067092	JQ067084	16210	16330	16416	16536	1.09e-88	96	69
JQ067092	JQ067084	24681	27078	24791	27188	1.09e-88	87	37
JQ067092	JQ067084	24453	26850	24578	26975	1.09e-88	77	42
JQ067092	JQ067084	14927	15215	15037	15325	1.09e-88	68	37
JQ067092	JQ067084	29531	38886	29791	39146	1.09e-88	61	87
JQ067092	JQ067084	17385	18962	17471	19048	1.09e-88	60	29
JQ067092	JQ067084	21934	22788	22035	22889	1.09e-88	50	34
JQ067092	JQ067084	25268	27623	25357	27712	1.09e-88	50	30
JQ067092	JQ067084	36001	40557	36066	40622	1.09e-88	50	22
JQ067092	JQ067084	36495	50851	36548	50904	1.09e-88	47	18
JQ067092	JQ067084	6680	1412	6733	1465	1.09e-88	46	18
JQ067092	JQ067084	27315	36114	27368	36167	1.09e-88	46	18
JQ067092	JQ067084	7239	2592	7301	2654	1.09e-88	45	21
JQ067092	JQ067084	15537	15822	15566	15851	1.09e-88	44	10
JQ067092	JQ067084	20456	19070	20587	19201	1.09e-88	44	44
JQ067092	JQ067084	35801	40358	35914	40471	1.09e-88	43	38
JQ067092	JQ067084	38151	54647	38204	54700	1.09e-88	43	18
JQ067092	JQ067084	8372	9442	8452	9522	1.09e-88	42	27
JQ067092	JQ067084	41607	55769	41642	55804	1.09e-88	42	12
JQ067092	JQ067084	6546	531	6626	611	1.09e-88	41	27
JQ067092	JQ067084	21558	22229	21611	22282	1.09e-88	41	18
JQ067092	JQ067084	34028	47429	34366	47091	4.41e-87	216	113
JQ067092	JQ067084	35018	46331	35353	45996	4.41e-87	209	112
JQ067092	JQ067084	34652	46694	35017	46329	4.41e-87	194	122
JQ067092	JQ067084	35477	45875	35701	45651	4.41e-87	176	75
JQ067092	JQ067084	34367	47087	34498	46956	4.41e-87	111	44
JQ067092	JQ067084	35813	45557	36013	45357	4.41e-87	100	67
JQ067092	JQ067084	42268	25644	42366	25546	4.41e-87	94	33
JQ067092	JQ067084	33923	47567	33973	47517	4.41e-87	67	17
JQ067092	JQ067084	39054	39411	39122	39343	4.41e-87	66	23
JQ067092	JQ067084	41011	31170	41079	31102	4.41e-87	51	23
JQ067092	JQ067084	39326	35015	39385	34956	4.41e-87	48	20
JQ067092	JQ067084	8857	53945	9003	53799	4.41e-87	45	49
JQ067092	JQ067084	38981	39889	39052	39818	4.41e-87	45	24
JQ067092	JQ067084	41183	26772	41233	26722	4.41e-87	45	17
JQ067092	JQ067084	42868	3680	42915	3633	4.41e-87	44	16
JQ067092	JQ067084	14372	51454	14482	51344	4.41e-87	43	37
JQ067092	JQ067084	37844	43208	37981	43071	4.41e-87	43	46
JQ067092	JQ067084	8387	57587	8431	57543	4.41e-87	42	15
JQ067092	JQ067084	32122	48404	32166	48360	4.41e-87	42	15
JQ067092	JQ067084	872	57878	949	57801	4.41e-87	41	26
JQ067092	JQ067084	9768	53570	9824	53514	4.41e-87	41	19
JQ067092	JQ067084	36505	43778	36570	43713	4.41e-87	41	22
JQ067092	JQ067084	10993	11941	10520	11468	6.19e-53	193	158
JQ067092	JQ067084	12019	12967	11591	12539	6.19e-53	163	143
JQ067092	JQ067084	11503	12457	11135	12089	6.19e-53	144	123
JQ067092	JQ067084	15023	15311	14871	15159	6.19e-53	102	51
JQ067092	JQ067084	25506	27864	25465	27823	6.19e-53	54	14
JQ067092	JQ067084	26272	30340	26183	30251	6.19e-53	51	30
JQ067092	JQ067084	39495	55888	39415	55808	6.19e-53	50	27
JQ067092	JQ067084	2004	7916	1942	7854	6.19e-53	50	21
JQ067092	JQ067084	23482	24261	23432	24211	6.19e-53	49	17
JQ067092	JQ067084	34565	54349	34503	54287	6.19e-53	46	21
JQ067092	JQ067084	33359	44927	33267	44835	6.19e-53	46	31
JQ067092	JQ067084	9539	10556	9495	10512	6.19e-53	46	15
JQ067092	JQ067084	15202	18588	15137	18523	6.19e-53	45	22
JQ067092	JQ067084	14153	15113	14052	15012	6.19e-53	44	34
JQ067092	JQ067084	35613	54711	35542	54640	6.19e-53	43	24
JQ067092	JQ067084	1242	3830	1147	3735	6.19e-53	43	32
JQ067092	JQ067084	9490	10420	9422	10352	6.19e-53	42	23
JQ067092	JQ067084	28954	39335	28865	39246	6.19e-53	41	30
KR537871	JQ067092	2129	2245	4075	4191	0.0	2847	649
KR537871	JQ067092	28844	28999	27045	27200	0.0	2798	600
KR537871	JQ067092	21182	21549	23398	23765	0.0	2783	739
KR537871	JQ067092	2826	2942	4814	4930	0.0	2636	663
KR537871	JQ067092	4813	4929	2831	2947	0.0	2434	661
KR537871	JQ067092	34216	34661	35601	36046	0.0	1989	462
KR537871	JQ067092	8937	9095	10331	10489	0.0	1782	465
KR537871	JQ067092	27039	27194	28700	28855	0.0	1726	554
KR537871	JQ067092	23627	23975	25189	25537	0.0	1612	521
KR537871	JQ067092	10847	11012	11923	12088	0.0	1583	359
KR537871	JQ067092	3543	3659	2410	2526	0.0	1500	378
KR537871	JQ067092	19035	19394	20174	20533	0.0	1405	380
KR537871	JQ067092	35393	35838	34197	34642	0.0	1369	399
KR537871	JQ067092	33280	33728	34128	34576	0.0	1355	283
KR537871	JQ067092	30270	30431	29014	29175	0.0	1339	419
KR537871	JQ067092	26676	27054	25711	26089	0.0	1335	322
KR537871	JQ067092	24439	24787	23624	23972	0.0	1303	272
KR537871	JQ067092	10327	10485	9299	9457	0.0	1238	343
KR537871	JQ067092	27046	27201	27936	28091	0.0	1190	297
KR537871	JQ067092	27994	28149	29064	29219	0.0	1181	357
KR537871	JQ067092	25733	26111	26695	27073	0.0	1172	321
KR537871	JQ067092	31838	32059	31113	31334	0.0	1145	242
KR537871	JQ067092	31114	31335	31839	32060	0.0	1027	242
KR537871	JQ067092	25171	25519	24506	24854	0.0	1008	222
KR537871	JQ067092	20185	20544	19079	19438	0.0	988	369
KR537871	JQ067092	13598	14044	14314	14760	0.0	977	239
KR537871	JQ067092	11616	11781	10846	11011	0.0	939	257
KR537871	JQ067092	24630	24978	23668	24016	0.0	935	321
KR537871	JQ067092	11906	12070	12640	12804	0.0	918	245
KR537871	JQ067092	14364	14810	13627	14073	0.0	909	246
KR537871	JQ067092	5219	5335	5893	6009	0.0	906	225
KR537871	JQ067092	12862	13026	11882	12046	0.0	885	327
KR537871	JQ067092	22080	22447	21181	21548	0.0	871	300
KR537871	JQ067092	34167	34615	33385	33833	0.0	866	261
KR537871	JQ067092	29066	29227	29815	29976	0.0	849	250
KR537871	JQ067092	25702	26071	25166	25535	0.0	825	179
KR537871	JQ067092	6346	6462	5219	5335	0.0	803	376
KR537871	JQ067092	38676	39221	39176	39721	0.0	784	167
KR537871	JQ067092	7537	7652	8082	8197	0.0	778	182
KR537871	JQ067092	30256	30417	29762	29923	0.0	769	165
KR537871	JQ067092	15162	15608	14431	14877	0.0	759	244
KR537871	JQ067092	16709	17136	17254	17681	0.0	750	182
KR537871	JQ067092	20354	20717	20872	21235	0.0	728	173
KR537871	JQ067092	5168	5284	4530	4646	0.0	727	213
KR537871	JQ067092	12220	12384	12861	13025	0.0	716	214
KR537871	JQ067092	7042	7160	7545	7663	0.0	711	168
KR537871	JQ067092	23901	24249	24437	24785	0.0	708	179
KR537871	JQ067092	15227	15673	15904	16350	0.0	689	226
KR537871	JQ067092	6563	6680	7054	7171	0.0	684	164
KR537871	JQ067092	34126	34574	33488	33936	0.0	683	213
KR537871	JQ067092	31060	31201	30650	30791	0.0	680	137
KR537871	JQ067092	22980	23347	22153	22520	0.0	680	276
KR537871	JQ067092	15115	15561	14405	14851	0.0	675	237
KR537871	JQ067092	10349	10511	10861	11023	0.0	659	171
KR537871	JQ067092	39184	39729	38678	39223	0.0	641	169
KR537871	JQ067092	2773	2889	2129	2245	0.0	637	215
KR537871	JQ067092	30660	30801	31061	31202	0.0	619	134
KR537871	JQ067092	24818	25166	24147	24495	0.0	608	224
KR537871	JQ067092	29064	29219	28645	28800	0.0	599	140
KR537871	JQ067092	7499	7617	7062	7180	0.0	599	146
KR537871	JQ067092	25173	25542	25703	26072	0.0	594	177
KR537871	JQ067092	40695	41313	41204	41822	0.0	585	170
KR537871	JQ067092	33770	34218	33288	33736	0.0	573	161
KR537871	JQ067092	11025	11187	10339	10501	0.0	563	229
KR537871	JQ067092	17348	17775	17797	18224	0.0	557	150
KR537871	JQ067092	29781	29942	30257	30418	0.0	547	159
KR537871	JQ067092	12704	12868	13105	13269	0.0	546	134
KR537871	JQ067092	5966	6082	6367	6483	0.0	544	134
KR537871	JQ067092	11341	11506	10856	11021	0.0	535	162
KR537871	JQ067092	20868	21231	20395	20758	0.0	528	158
KR537871	JQ067092	10858	11020	10361	10523	0.0	522	166
KR537871	JQ067092	41918	42544	42319	42945	0.0	520	134
KR537871	JQ067092	11923	12088	11405	11570	0.0	510	173
KR537871	JQ067092	17238	17665	16708	17135	0.0	505	177
KR537871	JQ067092	1690	1788	2124	2222	0.0	498	145
KR537871	JQ067092	8088	8203	7558	7673	0.0	497	177
KR537871	JQ067092	15892	16338	15197	15643	0.0	495	232
KR537871	JQ067092	17802	18229	17347	17774	0.0	473	152
KR537871	JQ067092	2136	2234	1609	1707	0.0	473	176
KR537871	JQ067092	14819	15265	15172	15618	0.0	471	118
KR537871	JQ067092	20867	21236	21172	21541	0.0	454	102
KR537871	JQ067092	14126	14572	13449	13895	0.0	429	226
KR537871	JQ067092	14432	14878	14764	15210	0.0	426	111
KR537871	JQ067092	7053	7170	6649	6766	0.0	426	135
KR537871	JQ067092	12578	12742	12216	12380	0.0	422	121
KR537871	JQ067092	35595	36040	35203	35648	0.0	421	131
KR537871	JQ067092	41165	41783	40719	41337	0.0	417	149
KR537871	JQ067092	28649	28804	28984	29139	0.0	412	112
KR537871	JQ067092	24867	25215	25172	25520	0.0	409	102
KR537871	JQ067092	13137	13301	12781	12945	0.0	403	119
KR537871	JQ067092	34115	34563	33846	34294	0.0	402	90
KR537871	JQ067092	6348	6464	5977	6093	0.0	399	124
KR537871	JQ067092	39622	40386	39882	40646	0.0	388	87
KR537871	JQ067092	41171	41786	41545	42160	0.0	383	125
KR537871	JQ067092	12273	12437	11914	12078	0.0	380	120
KR537871	JQ067092	24507	24855	24824	25172	0.0	374	106
KR537871	JQ067092	10362	10524	10664	10826	0.0	372	101
KR537871	JQ067092	32359	32746	32712	33099	0.0	363	118
KR537871	JQ067092	40224	39724	40460	39960	0.0	352	79
KR537871	JQ067092	42330	42956	41917	42543	0.0	347	138
KR537871	JQ067092	37387	38236	37644	38493	0.0	344	86
KR537871	JQ067092	11922	12087	11668	11833	0.0	338	85
KR537871	JQ067092	14709	15155	15044	15490	0.0	337	112
KR537871	JQ067092	7778	7893	7551	7666	0.0	337	76
KR537871	JQ067092	18675	19037	19025	19387	0.0	333	117
KR537871	JQ067092	4875	4991	5081	5197	0.0	331	69
KR537871	JQ067092	32970	33363	32695	33088	0.0	331	92
KR537871	JQ067092	32586	32973	32359	32746	0.0	323	76
KR537871	JQ067092	29653	29814	29384	29545	0.0	322	90
KR537871	JQ067092	1969	2067	1604	1702	0.0	319	122
KR537871	JQ067092	4621	4737	4881	4997	0.0	315	87
KR537871	JQ067092	12654	12818	12313	12477	0.0	315	114
KR537871	JQ067092	2033	2131	1674	1772	0.0	313	120
KR537871	JQ067092	23623	23971	23859	24207	0.0	311	79
KR537871	JQ067092	5907	6023	5596	5712	0.0	306	104
KR537871	JQ067092	38413	38961	38649	39197	0.0	301	79
KR537871	JQ067092	41548	42163	41168	41783	0.0	300	127
KR537871	JQ067092	5593	5709	6045	6161	0.0	300	151
KR537871	JQ067092	8592	8747	8879	9034	0.0	300	96
KR537871	JQ067092	21168	21537	20872	21241	0.0	298	99
KR537871	JQ067092	23628	23976	23837	24185	0.0	298	70
KR537871	JQ067092	5603	5719	5214	5330	0.0	298	130
KR537871	JQ067092	8110	8245	8376	8511	0.0	293	89
KR537871	JQ067092	9259	9417	8957	9115	0.0	289	101
KR537871	JQ067092	23365	23732	22808	23175	0.0	283	186
KR537871	JQ067092	8081	8196	7818	7933	0.0	279	88
KR537871	JQ067092	41164	41782	40943	41561	0.0	277	74
KR537871	JQ067092	2355	2471	2095	2211	0.0	276	87
KR537871	JQ067092	5077	5193	4865	4981	0.0	274	71
KR537871	JQ067092	18346	18725	18567	18946	0.0	263	74
KR537871	JQ067092	37640	38489	37386	38235	0.0	262	85
KR537871	JQ067092	17602	18029	17805	18232	0.0	261	68
KR537871	JQ067092	1375	1478	1551	1654	0.0	254	59
KR537871	JQ067092	23403	23770	23047	23414	0.0	253	119
KR537871	JQ067092	16310	16750	16504	16944	0.0	251	65
KR537871	JQ067092	38648	39196	38412	38960	0.0	249	79
KR537871	JQ067092	8373	8508	8122	8257	0.0	248	84
KR537871	JQ067092	32084	32406	31887	32209	0.0	242	66
KR537871	JQ067092	6350	6467	6508	6625	0.0	241	53
KR537871	JQ067092	40894	41512	40712	41330	0.0	235	61
KR537871	JQ067092	40450	39950	40226	39726	0.0	235	75
KR537871	JQ067092	15932	16372	16261	16701	0.0	230	110
KR537871	JQ067092	39188	39960	39373	40145	0.0	220	62
KR537871	JQ067092	16503	16943	16309	16749	0.0	219	65
KR537871	JQ067092	32357	32744	32566	32953	0.0	219	70
KR537871	JQ067092	8900	9055	8592	8747	0.0	214	103
KR537871	JQ067092	32358	32745	32570	32957	0.0	213	71
KR537871	JQ067092	36266	36442	36430	36606	0.0	212	55
KR537871	JQ067092	32701	33094	32958	33351	0.0	210	86
KR537871	JQ067092	41827	42446	41561	42180	0.0	209	89
KR537871	JQ067092	34483	34928	34289	34734	0.0	208	65
KR537871	JQ067092	9164	9322	8958	9116	0.0	208	69
KR537871	JQ067092	41409	42024	41170	41785	0.0	207	80
KR537871	JQ067092	14401	14847	14559	15005	0.0	207	53
KR537871	JQ067092	12866	13030	12642	12806	0.0	207	75
KR537871	JQ067092	35600	36045	35439	35884	0.0	204	54
KR537871	JQ067092	1230	1330	1397	1497	0.0	203	56
KR537871	JQ067092	255	358	500	603	0.0	200	82
KR537871	JQ067092	1550	1653	1368	1471	0.0	199	61
KR537871	JQ067092	41828	42447	41562	42181	0.0	195	89
KR537871	JQ067092	5535	5651	5392	5508	0.0	190	48
KR537871	JQ067092	31885	32207	32082	32404	0.0	188	66
KR537871	JQ067092	41559	42178	41747	42366	0.0	186	63
KR537871	JQ067092	32744	33137	32971	33364	0.0	184	76
KR537871	JQ067092	36429	36605	36268	36444	0.0	183	54
KR537871	JQ067092	25558	25927	25698	26067	0.0	183	47
KR537871	JQ067092	39372	40144	39196	39968	0.0	182	59
KR537871	JQ067092	15627	16073	15421	15867	0.0	180	69
KR537871	JQ067092	17974	18386	18087	18499	0.0	178	38
KR537871	JQ067092	10535	10697	10398	10560	0.0	178	46
KR537871	JQ067092	20232	20594	20354	20716	0.0	176	41
KR537871	JQ067092	1851	1949	1982	2080	0.0	175	44
KR537871	JQ067092	6598	6715	6305	6422	0.0	174	98
KR537871	JQ067092	23102	23469	22911	23278	0.0	173	64
KR537871	JQ067092	8288	8423	8106	8241	0.0	171	61
KR537871	JQ067092	19024	19386	18818	19180	0.0	165	69
KR537871	JQ067092	18566	18945	18357	18736	0.0	153	70
KR537871	JQ067092	15846	16292	15694	16140	0.0	152	51
KR537871	JQ067092	41647	42266	41820	42439	0.0	152	58
KR537871	JQ067092	41826	42445	41650	42269	0.0	150	59
KR537871	JQ067092	16595	17023	16708	17136	0.0	150	38
KR537871	JQ067092	39406	40162	39513	40269	0.0	147	36
KR537871	JQ067092	39560	40316	39408	40164	0.0	145	51
KR537871	JQ067092	25360	25729	25494	25863	0.0	144	45
KR537871	JQ067092	13153	13315	13284	13446	0.0	143	44
KR537871	JQ067092	37257	38109	37385	38237	0.0	140	43
KR537871	JQ067092	6710	6827	6486	6603	0.0	139	75
KR537871	JQ067092	42438	43061	42328	42951	0.0	138	37
KR537871	JQ067092	32975	33368	32874	33267	0.0	134	34
KR537871	JQ067092	20353	20715	20189	20551	0.0	133	55
KR537871	JQ067092	1376	1476	1224	1324	0.0	129	51
KR537871	JQ067092	39863	40627	39765	40529	0.0	126	33
KR537871	JQ067092	16707	17135	16594	17022	0.0	124	38
KR537871	JQ067092	38059	38605	38205	38751	0.0	124	49
KR537871	JQ067092	18077	18489	17973	18385	0.0	121	35
KR537871	JQ067092	484	587	254	357	0.0	121	77
KR537871	JQ067092	16213	16653	16070	16510	0.0	120	48
KR537871	JQ067092	39711	40475	39622	40386	0.0	119	30
KR537871	JQ067092	15350	15796	15210	15656	0.0	119	47
KR537871	JQ067092	5331	5447	5218	5334	0.0	116	38
KR537871	JQ067092	42332	42955	42421	43044	0.0	116	30
KR537871	JQ067092	39704	40468	39627	40391	0.0	113	26
KR537871	JQ067092	16363	16803	16286	16726	0.0	110	26
KR537871	JQ067092	1096	1196	1266	1366	0.0	109	57
KR537871	JQ067092	37385	38237	37257	38109	0.0	109	43
KR537871	JQ067092	15351	15797	15238	15684	0.0	108	38
KR537871	JQ067092	39519	40275	39409	40165	0.0	105	37
KR537871	JQ067092	13420	13866	13539	13985	0.0	103	40
KR537871	JQ067092	12002	12166	11916	12080	0.0	100	29
KR537871	JQ067092	11674	11839	11742	11907	0.0	99	23
KR537871	JQ067092	30130	30291	30222	30383	0.0	99	31
KR537871	JQ067092	32690	33077	32634	33021	0.0	98	19
KR537871	JQ067092	38838	39383	38767	39312	0.0	97	24
KR537871	JQ067092	17902	18311	17979	18388	0.0	96	26
KR537871	JQ067092	36332	36508	36267	36443	0.0	93	22
KR537871	JQ067092	42370	42993	42447	43070	0.0	92	26
KR537871	JQ067092	42369	42992	42446	43069	0.0	91	26
KR537871	JQ067092	18884	19246	18669	19031	0.0	89	72
KR537871	JQ067092	15210	15656	15284	15730	0.0	87	25
KR537871	JQ067092	37144	38002	37251	38109	0.0	86	36
KR537871	JQ067092	37957	38527	38019	38589	0.0	86	21
KR537871	JQ067092	36976	37843	37140	38007	0.0	82	55
KR537871	JQ067092	36582	37605	36460	37483	0.0	81	41
KR537871	JQ067092	35659	36103	35606	36050	0.0	81	18
KR537871	JQ067092	35654	36098	35604	36048	0.0	81	17
KR537871	JQ067092	18577	18947	18639	19009	0.0	80	21
KR537871	JQ067092	41544	42159	41455	42070	0.0	79	30
KR537871	JQ067092	31640	31861	31696	31917	0.0	79	19
KR537871	JQ067092	18954	19316	18742	19104	0.0	78	71
KR537871	JQ067092	13266	13428	13153	13315	0.0	78	38
KR537871	JQ067092	32963	33357	33037	33431	0.0	77	25
KR537871	JQ067092	35608	36052	35652	36096	0.0	75	15
KR537871	JQ067092	40519	41056	40605	41142	0.0	75	29
KR537871	JQ067092	38015	38585	37953	38523	0.0	73	21
KR537871	JQ067092	31064	31204	31114	31254	0.0	73	17
KR537871	JQ067092	8773	8928	8693	8848	0.0	72	27
KR537871	JQ067092	38337	38880	38254	38797	0.0	70	28
KR537871	JQ067092	38013	38583	37930	38500	0.0	69	28
KR537871	JQ067092	36461	37484	36583	37606	0.0	68	41
KR537871	JQ067092	8697	8852	8611	8766	0.0	67	29
KR537871	JQ067092	8293	8428	8228	8363	0.0	67	22
KR537871	JQ067092	38334	38885	38408	38959	0.0	66	25
KR537871	JQ067092	18217	18617	18300	18700	0.0	65	28
KR537871	JQ067092	31547	31768	31591	31812	0.0	65	15
KR537871	JQ067092	2119	2217	2069	2167	0.0	65	17
KR537871	JQ067092	16318	16758	16362	16802	0.0	64	15
KR537871	JQ067092	18637	19007	18593	18963	0.0	64	15
KR537871	JQ067092	31102	31242	31061	31201	0.0	63	14
KR537871	JQ067092	8398	8533	8360	8495	0.0	63	13
KR537871	JQ067092	37952	38522	38074	38644	0.0	63	41
KR537871	JQ067092	38255	38798	38359	38902	0.0	63	35
KR537871	JQ067092	37320	38172	37249	38101	0.0	62	24
KR537871	JQ067092	42290	42916	42234	42860	0.0	61	19
KR537871	JQ067092	1922	2020	1966	2064	0.0	61	15
KR537871	JQ067092	1610	1710	1557	1657	0.0	61	18
KR537871	JQ067092	330	433	256	359	0.0	61	25
KR537871	JQ067092	1546	1646	1611	1711	0.0	60	22
KR537871	JQ067092	33036	33430	32965	33359	0.0	60	24
KR537871	JQ067092	38257	38800	38310	38853	0.0	60	18
KR537871	JQ067092	38178	38724	38056	38602	0.0	59	41
KR537871	JQ067092	31062	31202	31103	31243	0.0	59	14
KR537871	JQ067092	10646	10808	10590	10752	0.0	59	19
KR537871	JQ067092	1345	1445	1377	1477	0.0	58	11
KR537871	JQ067092	18635	19005	18594	18964	0.0	58	14
KR537871	JQ067092	1089	1189	1178	1278	0.0	57	30
KR537871	JQ067092	36721	37744	36638	37661	0.0	56	28
KR537871	JQ067092	32103	32443	32168	32508	0.0	56	22
KR537871	JQ067092	37941	38511	38006	38576	0.0	56	22
KR537871	JQ067092	37257	38115	37171	38029	0.0	55	29
KR537871	JQ067092	32168	32508	32088	32428	0.0	55	27
KR537871	JQ067092	36677	37700	36718	37741	0.0	54	14
KR537871	JQ067092	6398	6515	6348	6465	0.0	53	17
KR537871	JQ067092	810	6358	724	6272	0.0	53	29
KR537871	JQ067092	36443	37467	36472	37496	0.0	53	10
KR537871	JQ067092	265	368	330	433	0.0	52	22
KR537871	JQ067092	38424	38975	38374	38925	0.0	52	17
KR537871	JQ067092	18638	19006	18670	19038	0.0	52	11
KR537871	JQ067092	36442	37466	36471	37495	0.0	52	10
KR537871	JQ067092	36472	37496	36437	37461	0.0	51	12
KR537871	JQ067092	6352	6469	6387	6504	0.0	51	12
KR537871	JQ067092	13335	13464	13412	13541	0.0	51	26
KR537871	JQ067092	17981	18390	17913	18322	0.0	51	23
KR537871	JQ067092	29067	29228	29105	29266	0.0	51	13
KR537871	JQ067092	38634	39182	38669	39217	0.0	51	12
KR537871	JQ067092	5120	5236	5149	5265	0.0	50	10
KR537871	JQ067092	8062	8178	8097	8213	0.0	50	12
KR537871	JQ067092	1609	1709	1562	1662	0.0	49	16
KR537871	JQ067092	1563	1663	1598	1698	0.0	48	12
KR537871	JQ067092	38404	38955	38375	38926	0.0	48	10
KR537871	JQ067092	32712	33099	32671	33058	0.0	48	14
KR537871	JQ067092	21498	21865	21539	21906	0.0	48	14
KR537871	JQ067092	32660	33047	32704	33091	0.0	48	15
KR537871	JQ067092	8098	8214	8063	8179	0.0	48	12
KR537871	JQ067092	6387	6504	6349	6466	0.0	48	13
KR537871	JQ067092	8503	8641	8526	8664	0.0	47	8
KR537871	JQ067092	16265	16705	16200	16640	0.0	47	22
KR537871	JQ067092	3464	3450	3426	3412	0.0	47	13
KR537871	JQ067092	36467	37491	36441	37465	0.0	46	9
KR537871	JQ067092	8487	8625	8534	8672	0.0	46	16
KR537871	JQ067092	32134	32474	32169	32509	0.0	46	12
KR537871	JQ067092	32874	33267	32906	33299	0.0	46	11
KR537871	JQ067092	8459	8618	8430	8589	0.0	46	10
KR537871	JQ067092	8097	8213	8062	8178	0.0	46	12
KR537871	JQ067092	6513	6630	6484	6601	0.0	46	10
KR537871	JQ067092	39585	40353	39556	40324	0.0	45	10
KR537871	JQ067092	32163	32503	32131	32471	0.0	45	11
KR537871	JQ067092	16186	16626	16215	16655	0.0	45	10
KR537871	JQ067092	8638	8793	8579	8734	0.0	45	20
KR537871	JQ067092	1323	1423	1285	1385	0.0	45	13
KR537871	JQ067092	17621	21337	17650	21366	0.0	44	10
KR537871	JQ067092	18518	18897	18550	18929	0.0	43	11
KR537871	JQ067092	18637	19005	18663	19031	0.0	43	9
KR537871	JQ067092	18627	19665	18580	19618	0.0	43	16
KR537871	JQ067092	32235	32566	32300	32631	0.0	43	22
KR537871	JQ067092	41551	42170	41589	42208	0.0	43	13
KR537871	JQ067092	1265	1365	1294	1394	0.0	42	10
KR537871	JQ067092	768	2003	836	2071	0.0	42	23
KR537871	JQ067092	8543	8695	8566	8718	0.0	42	8
KR537871	JQ067092	13368	12147	13415	12194	0.0	42	16
KR537871	JQ067092	29099	24562	29131	24594	0.0	42	11
KR537871	JQ067092	15836	16282	15795	16241	0.0	42	14
KR537871	JQ067092	29090	30750	29125	30785	0.0	42	12
KR537871	JQ067092	10714	8610	10673	8569	0.0	42	14
KR537871	JQ067092	37608	38457	37640	38489	0.0	42	11
KR537871	JQ067092	35749	35668	35717	35636	0.0	41	11
KR537871	JQ067092	18639	19007	18665	19033	0.0	41	9
KR537871	JQ067092	18657	19025	18637	19005	0.0	41	7
KR537871	JQ067092	7468	7901	7445	7878	0.0	41	8
KR537871	JQ067092	41561	42180	41584	42203	0.0	41	8
KR537871	JQ067092	36193	36602	36228	36637	4.44e-26	73	12
KR537871	JQ067092	36227	36635	36253	36661	4.44e-26	45	9
KR537871	JQ067092	35878	26586	35916	26624	4.44e-26	41	13
KX129925	KR537871	37839	28139	37147	27447	0.0	622	231
KX129925	KR537871	11480	10361	11914	10795	0.0	490	145
KX129925	KR537871	12506	11384	12982	11860	0.0	442	159
KX129925	KR537871	27790	25057	27218	24485	0.0	427	191
KX129925	KR537871	12110	10982	12502	11374	0.0	404	131
KX129925	KR537871	16039	15464	16806	16231	0.0	400	256
KX129925	KR537871	27220	24445	26879	24104	0.0	321	114
KX129925	KR537871	38307	28619	38056	28368	0.0	315	84
KX129925	KR537871	23465	22214	23866	22615	0.0	278	134
KX129925	KR537871	15238	14495	15720	14977	0.0	271	161
KX129925	KR537871	38843	29148	38478	28783	0.0	270	122
KX129925	KR537871	12504	11376	12118	10990	0.0	262	129
KX129925	KR537871	36984	27287	36754	27057	0.0	261	77
KX129925	KR537871	11754	10635	11479	10360	0.0	247	92
KX129925	KR537871	13128	12020	13511	12403	0.0	241	128
KX129925	KR537871	12987	11865	12505	11383	0.0	222	161
KX129925	KR537871	37106	27406	37474	27774	0.0	220	123
KX129925	KR537871	40414	31036	40088	30710	0.0	216	109
KX129925	KR537871	39182	29631	38967	29416	0.0	208	72
KX129925	KR537871	26482	23857	26231	23606	0.0	193	84
KX129925	KR537871	38998	29447	39183	29632	0.0	180	62
KX129925	KR537871	27976	25240	27791	25055	0.0	168	62
KX129925	KR537871	28285	25570	27998	25283	0.0	166	96
KX129925	KR537871	38040	28310	37873	28143	0.0	151	56
KX129925	KR537871	22790	21548	23032	21790	0.0	142	81
KX129925	KR537871	27201	24468	27530	24797	0.0	141	110
KX129925	KR537871	26879	24104	27220	24445	0.0	135	114
KX129925	KR537871	14090	12989	14188	13087	0.0	134	33
KX129925	KR537871	37508	27808	37840	28140	0.0	133	111
KX129925	KR537871	14824	14072	15060	14308	0.0	132	79
KX129925	KR537871	40953	31664	40651	31362	0.0	128	101
KX129925	KR537871	15742	15002	15873	15133	0.0	120	44
KX129925	KR537871	41151	31817	40993	31659	0.0	114	53
KX129925	KR537871	26815	24013	26669	23867	0.0	112	49
KX129925	KR537871	29053	26289	28805	26041	0.0	111	83
KX129925	KR537871	13511	12403	13110	12002	0.0	104	134
KX129925	KR537871	27807	25071	27941	25205	0.0	102	45
KX129925	KR537871	44599	32159	44327	31887	0.0	101	91
KX129925	KR537871	26349	23724	26480	23855	0.0	101	44
KX129925	KR537871	16512	15937	16156	15581	0.0	101	119
KX129925	KR537871	14184	13083	14095	12994	0.0	100	30
KX129925	KR537871	37122	27443	36991	27312	0.0	99	44
KX129925	KR537871	24332	23165	24571	23404	0.0	99	80
KX129925	KR537871	4347	4419	4541	4613	0.0	97	65
KX129925	KR537871	15872	15132	15753	15013	0.0	97	40
KX129925	KR537871	22271	21218	22444	21391	0.0	95	58
KX129925	KR537871	28726	25962	28508	25744	0.0	93	73
KX129925	KR537871	3795	3840	3995	4040	0.0	92	67
KX129925	KR537871	13670	12559	13807	12696	0.0	91	46
KX129925	KR537871	41006	31672	41152	31818	0.0	90	49
KX129925	KR537871	5889	5987	5993	6091	0.0	89	35
KX129925	KR537871	24534	23367	24226	23059	0.0	89	103
KX129925	KR537871	19968	18864	20063	18959	0.0	88	32
KX129925	KR537871	13844	12716	14014	12886	0.0	86	57
KX129925	KR537871	36842	27145	36994	27297	0.0	86	51
KX129925	KR537871	11972	10847	12091	10966	0.0	85	40
KX129925	KR537871	19601	18460	19687	18546	0.0	85	29
KX129925	KR537871	23391	22137	23071	21817	0.0	84	107
KX129925	KR537871	28050	25335	28226	25511	0.0	82	59
KX129925	KR537871	15336	14593	15109	14366	0.0	82	76
KX129925	KR537871	11368	10232	11460	10324	0.0	80	31
KX129925	KR537871	40651	31362	40899	31610	0.0	80	83
KX129925	KR537871	38255	28567	38308	28620	0.0	76	18
KX129925	KR537871	23142	21888	23228	21974	0.0	72	29
KX129925	KR537871	10151	8973	10255	9077	0.0	71	35
KX129925	KR537871	10337	9153	10393	9209	0.0	69	19
KX129925	KR537871	23730	22479	23554	22303	0.0	68	59
KX129925	KR537871	21380	20321	21559	20500	0.0	68	60
KX129925	KR537871	18119	17099	18202	17182	0.0	67	28
KX129925	KR537871	20175	19077	20336	19238	0.0	67	54
KX129925	KR537871	40665	31343	40567	31245	0.0	66	33
KX129925	KR537871	6031	6129	5897	5995	0.0	65	45
KX129925	KR537871	13056	11942	13130	12016	0.0	64	25
KX129925	KR537871	38963	29271	38910	29218	0.0	64	18
KX129925	KR537871	10526	9342	10576	9392	0.0	62	17
KX129925	KR537871	22145	21095	22198	21148	0.0	62	18
KX129925	KR537871	38478	28783	38819	29124	0.0	62	114
KX129925	KR537871	10410	9226	10336	9152	0.0	62	25
KX129925	KR537871	40551	31226	40444	31119	0.0	61	36
KX129925	KR537871	24227	23060	24289	23122	0.0	61	21
KX129925	KR537871	6195	6125	6299	6229	0.0	60	35
KX129925	KR537871	54902	35517	54967	35582	0.0	58	22
KX129925	KR537871	15572	14829	15471	14728	0.0	56	34
KX129925	KR537871	46116	35229	46223	35336	0.0	52	36
KX129925	KR537871	57529	37985	57639	38095	0.0	52	37
KX129925	KR537871	10760	9582	10795	9617	0.0	50	12
KX129925	KR537871	37904	28174	37948	28218	0.0	49	15
KX129925	KR537871	10569	9385	10534	9350	0.0	49	12
KX129925	KR537871	10688	9507	10762	9581	0.0	48	25
KX129925	KR537871	29450	26762	29373	26685	0.0	48	26
KX129925	KR537871	18734	17671	18847	17784	0.0	47	38
KX129925	KR537871	22791	21546	22678	21433	0.0	47	38
KX129925	KR537871	22032	20973	21970	20911	0.0	47	21
KX129925	KR537871	18654	17532	18574	17452	0.0	47	27
KX129925	KR537871	4674	5271	4594	5191	0.0	47	27
KX129925	KR537871	45361	34204	45269	34112	0.0	46	31
KX129925	KR537871	3006	3335	3089	3418	0.0	45	28
KX129925	KR537871	8108	7479	8031	7402	0.0	45	26
KX129925	KR537871	48446	40768	48357	40679	0.0	44	30
KX129925	KR537871	45952	40043	45914	40005	0.0	44	13
KX129925	KR537871	22188	21138	22144	21094	0.0	44	15
KX129925	KR537871	19677	18536	19627	18486	0.0	44	17
KX129925	KR537871	55745	37229	55801	37285	0.0	44	19
KX129925	KR537871	2195	2720	2085	2610	0.0	44	37
KX129925	KR537871	54986	42298	54891	42203	0.0	43	32
KX129925	KR537871	45697	39135	45662	39100	0.0	43	12
KX129925	KR537871	1165	1608	1067	1510	0.0	43	33
KX129925	KR537871	8842	7728	8886	7772	0.0	42	15
KX129925	KR537871	30021	26169	30074	26222	0.0	42	18
KX129925	KR537871	31271	26829	31306	26864	0.0	42	12
KX129925	KR537871	36758	27061	36814	27117	0.0	42	19
KX129925	KR537871	44865	32960	44921	33016	0.0	42	19
KX129925	KR537871	8747	8014	8685	7952	0.0	42	21
KX129925	KR537871	53973	41718	53920	41665	0.0	41	18
KX129925	KR537871	1405	1715	1473	1783	0.0	41	23
KX129925	KR537871	9271	8396	9324	8449	0.0	41	18
KX129925	KR537871	6491	7125	6378	7012	0.0	41	38
KX129925	KR537871	4858	5961	4775	5878	0.0	41	28
KX129925	KR537871	2484	3168	2398	3082	0.0	41	29
KX129925	KR537871	46671	34237	46336	34572	6.47e-108	248	112
KX129925	KR537871	46338	34573	46021	34890	6.47e-108	209	106
KX129925	KR537871	46002	34912	45658	35256	6.47e-108	181	115
KX129925	KR537871	47451	33565	47239	33777	6.47e-108	154	71
KX129925	KR537871	51106	26841	50918	27029	6.47e-108	116	63
KX129925	KR537871	47094	33919	46963	34050	6.47e-108	113	44
KX129925	KR537871	25783	41532	25568	41747	6.47e-108	106	72
KX129925	KR537871	45555	35377	45364	35568	6.47e-108	105	64
KX129925	KR537871	39524	38428	39378	38574	6.47e-108	88	49
KX129925	KR537871	47163	33853	47098	33918	6.47e-108	75	22
KX129925	KR537871	47574	33475	47524	33525	6.47e-108	70	17
KX129925	KR537871	19215	42306	19153	42368	6.47e-108	56	21
KX129925	KR537871	55227	7725	55174	7778	6.47e-108	50	18
KX129925	KR537871	51186	13492	51121	13557	6.47e-108	48	22
KX129925	KR537871	54630	8462	54577	8515	6.47e-108	47	18
KX129925	KR537871	43366	35774	43277	35863	6.47e-108	47	30
KX129925	KR537871	53080	13184	52940	13324	6.47e-108	45	47
KX129925	KR537871	48305	33324	48243	33386	6.47e-108	44	21
KX129925	KR537871	24053	41926	23982	41997	6.47e-108	43	24
KX129925	KR537871	53116	9379	53084	9411	6.47e-108	42	11
KX129925	KR537871	48549	32713	48502	32760	6.47e-108	42	16
KX129925	KR537871	57132	1280	57103	1309	6.47e-108	41	10
KX129925	KR537871	50756	30574	50658	30672	6.47e-108	41	33
KX129925	KR537871	29005	40595	28961	40639	6.47e-108	41	15
KX129925	KR537871	28983	41036	28894	41125	6.47e-108	41	30
KX129925	KR537871	23084	21830	23548	22294	1.14e-68	237	155
KX129925	KR537871	13391	12283	13654	12546	1.14e-68	168	88
KX129925	KR537871	26880	24105	27212	24437	1.14e-68	125	111
KX129925	KR537871	22664	21419	22852	21607	1.14e-68	88	63
KX129925	KR537871	38479	28784	38628	28933	1.14e-68	62	50
KX129925	KR537871	22250	21191	22303	21244	1.14e-68	58	18
KX129925	KR537871	47342	30278	47425	30361	1.14e-68	52	28
KX129925	KR537871	53812	38171	53907	38266	1.14e-68	52	32
KX129925	KR537871	27895	26574	28005	26684	1.14e-68	51	37
KX129925	KR537871	18944	16931	19009	16996	1.14e-68	50	22
KX129925	KR537871	227	8488	262	8523	1.14e-68	49	12
KX129925	KR537871	15905	16260	15976	16331	1.14e-68	49	24
KX129925	KR537871	50897	30594	50965	30662	1.14e-68	49	23
KX129925	KR537871	52067	34511	52135	34579	1.14e-68	48	23
KX129925	KR537871	10618	9104	10671	9157	1.14e-68	46	18
KX129925	KR537871	50021	30450	50098	30527	1.14e-68	45	26
KX129925	KR537871	56701	40101	56772	40172	1.14e-68	45	24
KX129925	KR537871	14543	15757	14662	15876	1.14e-68	44	40
KX129925	KR537871	12133	10816	12150	10833	1.14e-68	43	6
KX129925	KR537871	10	5902	51	5943	1.14e-68	41	14
KX129925	KR537871	54749	38524	54814	38589	1.14e-68	41	22
KX129925	KR537871	11950	10831	11483	10364	2.71e-44	199	156
KX129925	KR537871	12826	11704	12617	11495	2.71e-44	108	70
KX129925	KR537871	16514	15939	16338	15763	2.71e-44	73	59
KX129925	KR537871	45706	30507	45539	30340	2.71e-44	61	56
KX129925	KR537871	46897	30665	46808	30576	2.71e-44	51	30
KX129925	KR537871	31382	25025	31257	24900	2.71e-44	51	42
KX129925	KR537871	13536	12428	13441	12333	2.71e-44	50	32
KX129925	KR537871	10690	7022	10592	6924	2.71e-44	50	33
KX129925	KR537871	3190	203	3071	84	2.71e-44	49	40
KX129925	KR537871	49864	33024	49802	32962	2.71e-44	47	21
KX129925	KR537871	51040	34378	51014	34352	2.71e-44	46	9
KX129925	KR537871	43190	27463	43158	27431	2.71e-44	46	11
KX129925	KR537871	22089	17598	22033	17542	2.71e-44	46	19
KX129925	KR537871	29004	24300	28951	24247	2.71e-44	45	18
KX129925	KR537871	5865	5199	5824	5158	2.71e-44	44	14
KX129925	KR537871	25378	20021	25331	19974	2.71e-44	43	16
KX129925	KR537871	50892	27055	51107	26840	6.09e-42	219	72
KX129925	KR537871	46358	34550	46672	34236	6.09e-42	175	105
KX129925	KR537871	46013	34898	46189	34722	6.09e-42	91	59
KX129925	KR537871	47300	33716	47431	33585	6.09e-42	80	44
KX129925	KR537871	47099	33917	47164	33852	6.09e-42	64	22
KX129925	KR537871	45722	35192	45835	35079	6.09e-42	63	38
KX129925	KR537871	57817	7800	57900	7717	6.09e-42	53	28
KX129925	KR537871	34476	38602	34568	38510	6.09e-42	51	31
KX129925	KR537871	25569	41746	25631	41684	6.09e-42	50	21
KX129925	KR537871	28990	39333	29142	39181	6.09e-42	50	51
KX129925	KR537871	19748	42122	19786	42084	6.09e-42	49	13
KX129925	KR537871	26221	41697	26295	41623	6.09e-42	48	25
KX129925	KR537871	27827	41055	27892	40990	6.09e-42	47	22
KX129925	KR537871	35650	38171	35721	38100	6.09e-42	46	24
KX129925	KR537871	10924	42254	10959	42219	6.09e-42	45	12
KX129925	KR537871	48843	31924	48941	31826	6.09e-42	45	33
KX129925	KR537871	53204	21148	53437	20915	6.09e-42	45	78
KX129925	KR537871	57992	5367	58129	5230	6.09e-42	45	46
KX129925	KR537871	46873	34161	46965	34069	6.09e-42	44	31
KX129925	KR537871	52028	21957	52123	21862	6.09e-42	44	32
KX129925	KR537871	42237	35461	42305	35393	6.09e-42	43	23
KX129925	KR537871	56704	15837	56772	15769	6.09e-42	43	23
KX129925	KR537871	31212	38944	31256	38900	6.09e-42	42	15
KX129925	KR537871	51734	24858	51805	24787	6.09e-42	42	24
KX129925	KR537871	57532	10047	57585	9994	6.09e-42	42	18
KX129925	KR537871	23419	41957	23469	41907	6.09e-42	41	17
KX129925	KR537871	53576	16301	53641	16236	6.09e-42	41	22
KX898399	KX129925	15008	16880	19021	20893	0.0	6529	1338
KX898399	KX129925	46174	48015	42842	44683	0.0	5545	1111
KX898399	KX129925	8135	10007	11110	12982	0.0	4834	992
KX898399	KX129925	32828	34690	30054	31916	0.0	4700	925
KX898399	KX129925	7249	9118	4466	6335	0.0	4642	928
KX898399	KX129925	18241	20113	15062	16934	0.0	4474	1060
KX898399	KX129925	42842	44683	45649	47490	0.0	4432	936
KX898399	KX129925	10957	12829	8024	9896	0.0	4257	978
KX898399	KX129925	38419	40260	40830	42671	0.0	4131	804
KX898399	KX129925	34352	36214	36964	38826	0.0	4130	871
KX898399	KX129925	20740	22601	22926	24787	0.0	3774	729
KX898399	KX129925	26127	27989	28526	30388	0.0	3770	800
KX898399	KX129925	21924	23785	24260	26121	0.0	3705	779
KX898399	KX129925	36610	38472	34484	36346	0.0	3679	709
KX898399	KX129925	45707	47548	43425	45266	0.0	3592	761
KX898399	KX129925	8125	9997	10536	12408	0.0	3591	804
KX898399	KX129925	26504	28366	24390	26252	0.0	3587	705
KX898399	KX129925	30925	32787	28574	30436	0.0	3471	784
KX898399	KX129925	42926	44767	40887	42728	0.0	3445	680
KX898399	KX129925	43420	45261	45393	47234	0.0	3179	658
KX898399	KX129925	53699	55770	55603	57674	0.0	3161	635
KX898399	KX129925	30817	32679	32829	34691	0.0	3077	671
KX898399	KX129925	56497	1	58359	1863	0.0	3028	621
KX898399	KX129925	47873	49917	49657	51701	0.0	2959	595
KX898399	KX129925	51679	53751	53406	55478	0.0	2848	576
KX898399	KX129925	39668	41509	41368	43209	0.0	2819	567
KX898399	KX129925	55606	57677	53804	55875	0.0	2807	601
KX898399	KX129925	16410	18282	14689	16561	0.0	2719	574
KX898399	KX129925	3254	5123	1677	3546	0.0	2535	526
KX898399	KX129925	5274	7143	6710	8579	0.0	2439	479
KX898399	KX129925	6449	8318	4899	6768	0.0	2424	517
KX898399	KX129925	9698	11570	8139	10011	0.0	2420	520
KX898399	KX129925	39593	41434	38178	40019	0.0	2413	472
KX898399	KX129925	795	2664	2141	4010	0.0	2405	449
KX898399	KX129925	34815	36677	36293	38155	0.0	2389	493
KX898399	KX129925	34808	36670	33444	35306	0.0	2371	455
KX898399	KX129925	3697	5566	5220	7089	0.0	2367	508
KX898399	KX129925	41368	43209	39866	41707	0.0	2362	501
KX898399	KX129925	4805	6674	3348	5217	0.0	2348	486
KX898399	KX129925	40551	42392	39226	41067	0.0	2319	442
KX898399	KX129925	37773	39635	36403	38265	0.0	2307	457
KX898399	KX129925	27896	29758	26556	28418	0.0	2285	447
KX898399	KX129925	29075	30937	30661	32523	0.0	2272	529
KX898399	KX129925	42069	43910	43469	45310	0.0	2211	467
KX898399	KX129925	791	2660	2089	3958	0.0	2190	433
KX898399	KX129925	41836	43677	43293	45134	0.0	2185	486
KX898399	KX129925	2098	3967	794	2663	0.0	2161	435
KX898399	KX129925	27886	29748	29304	31166	0.0	2129	473
KX898399	KX129925	20498	22360	19038	20900	0.0	2127	487
KX898399	KX129925	40131	41972	41405	43246	0.0	2113	425
KX898399	KX129925	56498	2	57766	1270	0.0	2068	423
KX898399	KX129925	36493	38355	37773	39635	0.0	2060	427
KX898399	KX129925	3345	5214	4601	6470	0.0	2049	419
KX898399	KX129925	39808	41649	38564	40405	0.0	2048	415
KX898399	KX129925	48376	50420	49653	51697	0.0	1990	426
KX898399	KX129925	14064	15936	12826	14698	0.0	1973	413
KX898399	KX129925	12904	14776	11702	13574	0.0	1973	401
KX898399	KX129925	5220	7089	3949	5818	0.0	1971	424
KX898399	KX129925	47826	49870	49016	51060	0.0	1949	397
KX898399	KX129925	18642	20514	17371	19243	0.0	1903	424
KX898399	KX129925	28534	30396	27452	29314	0.0	1889	361
KX898399	KX129925	11557	13429	12786	14658	0.0	1854	410
KX898399	KX129925	11337	13209	10135	12007	0.0	1828	401
KX898399	KX129925	6401	8270	7462	9331	0.0	1797	354
KX898399	KX129925	22131	23992	21061	22922	0.0	1751	357
KX898399	KX129925	57570	1074	56497	1	0.0	1738	358
KX898399	KX129925	52961	55033	51816	53888	0.0	1732	382
KX898399	KX129925	2205	4074	3257	5126	0.0	1666	351
KX898399	KX129925	4405	6274	3329	5198	0.0	1664	359
KX898399	KX129925	23238	25099	22195	24056	0.0	1645	348
KX898399	KX129925	8703	10575	9740	11612	0.0	1626	346
KX898399	KX129925	42526	44367	41468	43309	0.0	1618	353
KX898399	KX129925	29286	31148	28309	30171	0.0	1595	326
KX898399	KX129925	51682	53758	50645	52721	0.0	1581	346
KX898399	KX129925	36804	38666	37775	39637	0.0	1562	324
KX898399	KX129925	26642	28504	27571	29433	0.0	1541	310
KX898399	KX129925	49456	51500	48449	50493	0.0	1532	336
KX898399	KX129925	10989	12861	11882	13754	0.0	1501	298
KX898399	KX129925	22625	24486	23578	25439	0.0	1486	318
KX898399	KX129925	28872	30734	29849	31711	0.0	1476	326
KX898399	KX129925	21869	23730	21009	22870	0.0	1473	287
KX898399	KX129925	44481	46322	45338	47179	0.0	1459	286
KX898399	KX129925	11480	13352	12316	14188	0.0	1444	279
KX898399	KX129925	7488	9357	6589	8458	0.0	1437	300
KX898399	KX129925	9882	11754	9055	10927	0.0	1433	276
KX898399	KX129925	6583	8452	7452	9321	0.0	1428	290
KX898399	KX129925	54188	56259	53328	55399	0.0	1427	287
KX898399	KX129925	20044	21906	19037	20899	0.0	1426	336
KX898399	KX129925	23425	25286	22523	24384	0.0	1424	301
KX898399	KX129925	33625	35487	34404	36266	0.0	1415	260
KX898399	KX129925	34537	36399	35388	37250	0.0	1410	284
KX898399	KX129925	48833	50877	47946	49990	0.0	1366	296
KX898399	KX129925	8994	10866	8137	10009	0.0	1336	286
KX898399	KX129925	3160	5029	2306	4175	0.0	1329	285
KX898399	KX129925	21811	23672	21077	22938	0.0	1328	245
KX898399	KX129925	1622	3491	795	2664	0.0	1318	276
KX898399	KX129925	27382	29244	26561	28423	0.0	1307	274
KX898399	KX129925	807	2670	1	1864	0.0	1298	269
KX898399	KX129925	58358	1862	57570	1074	0.0	1298	263
KX898399	KX129925	39081	40922	39800	41641	0.0	1282	240
KX898399	KX129925	56622	126	57407	911	0.0	1277	262
KX898399	KX129925	32838	34700	32035	33897	0.0	1272	268
KX898399	KX129925	53352	55424	52498	54570	0.0	1270	285
KX898399	KX129925	23810	25671	22971	24832	0.0	1262	280
KX898399	KX129925	18515	20387	17670	19542	0.0	1262	282
KX898399	KX129925	30174	32036	31091	32953	0.0	1261	306
KX898399	KX129925	33444	35306	34292	36154	0.0	1246	283
KX898399	KX129925	48594	50638	47872	49916	0.0	1245	241
KX898399	KX129925	40820	42661	40116	41957	0.0	1243	235
KX898399	KX129925	50644	52720	51477	53553	0.0	1234	278
KX898399	KX129925	41762	43603	42523	44364	0.0	1228	254
KX898399	KX129925	54	1917	806	2669	0.0	1227	251
KX898399	KX129925	26491	28353	27255	29117	0.0	1225	255
KX898399	KX129925	22934	24795	22194	24055	0.0	1211	247
KX898399	KX129925	25012	26874	25848	27710	0.0	1208	279
KX898399	KX129925	14137	16009	14949	16821	0.0	1200	271
KX898399	KX129925	46910	48752	46176	48018	0.0	1197	245
KX898399	KX129925	28295	30157	29026	30888	0.0	1183	244
KX898399	KX129925	51003	53079	51683	53759	0.0	1180	227
KX898399	KX129925	14214	16086	14948	16820	0.0	1178	245
KX898399	KX129925	25251	27113	26072	27934	0.0	1158	274
KX898399	KX129925	12957	14829	13625	15497	0.0	1151	223
KX898399	KX129925	52278	54350	52967	55039	0.0	1147	230
KX898399	KX129925	58359	1863	57718	1222	0.0	1144	214
KX898399	KX129925	24378	26240	25202	27064	0.0	1136	275
KX898399	KX129925	19389	21251	20048	21910	0.0	1125	220
KX898399	KX129925	13363	15235	14067	15939	0.0	1107	235
KX898399	KX129925	806	2669	69	1932	0.0	1101	246
KX898399	KX129925	1	1864	648	2511	0.0	1079	216
KX898399	KX129925	53359	55430	53997	56068	0.0	1074	213
KX898399	KX129925	31812	33674	32561	34423	0.0	1065	250
KX898399	KX129925	39171	41012	38539	40380	0.0	1061	211
KX898399	KX129925	54021	56092	53359	55430	0.0	1051	221
KX898399	KX129925	57730	1234	57080	584	0.0	1051	217
KX898399	KX129925	51056	53132	51685	53761	0.0	1050	210
KX898399	KX129925	43785	45626	43165	45006	0.0	1049	207
KX898399	KX129925	3058	4927	3639	5508	0.0	1031	194
KX898399	KX129925	30100	31962	30756	32618	0.0	1028	219
KX898399	KX129925	1888	3757	2499	4368	0.0	1025	204
KX898399	KX129925	37744	39606	37091	38953	0.0	1023	218
KX898399	KX129925	14063	15935	13416	15288	0.0	1022	216
KX898399	KX129925	37010	38872	37591	39453	0.0	1016	194
KX898399	KX129925	14026	15898	13349	15221	0.0	1014	226
KX898399	KX129925	50081	52160	50644	52723	0.0	1013	188
KX898399	KX129925	55597	57667	56241	58311	0.0	1011	215
KX898399	KX129925	54622	56693	55233	57304	0.0	1006	204
KX898399	KX129925	56215	58285	55604	57674	0.0	1003	204
KX898399	KX129925	38253	40094	38885	40726	0.0	993	211
KX898399	KX129925	51537	53613	50920	52996	0.0	972	206
KX898399	KX129925	55605	57675	56216	58286	0.0	969	204
KX898399	KX129925	5792	7661	6346	8215	0.0	964	185
KX898399	KX129925	24391	26252	23702	25563	0.0	955	230
KX898399	KX129925	50100	52179	50657	52736	0.0	952	186
KX898399	KX129925	12348	14220	12917	14789	0.0	934	190
KX898399	KX129925	50101	52180	50646	52725	0.0	930	182
KX898399	KX129925	54055	56126	54579	56650	0.0	930	175
KX898399	KX129925	49491	51535	48871	50915	0.0	923	207
KX898399	KX129925	21303	23164	21857	23718	0.0	923	185
KX898399	KX129925	2531	4400	3160	5029	0.0	915	210
KX898399	KX129925	21071	22932	21637	23498	0.0	906	189
KX898399	KX129925	24392	26253	23853	25714	0.0	897	180
KX898399	KX129925	19033	20895	19554	21416	0.0	896	174
KX898399	KX129925	57031	535	56498	2	0.0	888	178
KX898399	KX129925	4163	6032	4699	6568	0.0	869	179
KX898399	KX129925	2016	3885	1522	3391	0.0	866	165
KX898399	KX129925	51242	53318	50646	52722	0.0	865	199
KX898399	KX129925	12774	14646	12211	14083	0.0	856	188
KX898399	KX129925	27295	29157	27849	29711	0.0	851	185
KX898399	KX129925	11656	13528	11009	12881	0.0	846	216
KX898399	KX129925	55922	57992	56494	58564	0.0	835	191
KX898399	KX129925	43881	45722	44411	46252	0.0	827	177
KX898399	KX129925	55209	57280	54652	56723	0.0	822	186
KX898399	KX129925	24391	26253	24960	26822	0.0	820	190
KX898399	KX129925	56496	58566	55864	57934	0.0	813	211
KX898399	KX129925	44868	46709	44365	46206	0.0	804	168
KX898399	KX129925	8090	9962	7554	9426	0.0	798	179
KX898399	KX129925	13665	15537	14165	16037	0.0	789	167
KX898399	KX129925	19024	20896	18509	20381	0.0	789	172
KX898399	KX129925	25906	27768	26364	28226	0.0	787	153
KX898399	KX129925	20954	22815	20433	22294	0.0	786	174
KX898399	KX129925	46154	47996	46753	48595	0.0	774	200
KX898399	KX129925	42447	44288	41986	43827	0.0	767	154
KX898399	KX129925	41469	43310	42020	43861	0.0	765	184
KX898399	KX129925	32042	33904	32548	34410	0.0	763	169
KX898399	KX129925	46173	48014	45700	47541	0.0	762	158
KX898399	KX129925	37277	39139	36786	38648	0.0	762	164
KX898399	KX129925	20499	22360	20966	22827	0.0	758	156
KX898399	KX129925	4748	6617	5221	7090	0.0	751	158
KX898399	KX129925	45390	47231	45887	47728	0.0	751	166
KX898399	KX129925	21710	23571	22132	23993	0.0	749	141
KX898399	KX129925	11648	13520	11163	13035	0.0	743	162
KX898399	KX129925	38487	40328	38074	39915	0.0	739	138
KX898399	KX129925	3329	5198	3793	5662	0.0	730	155
KX898399	KX129925	19512	21374	19033	20895	0.0	710	160
KX898399	KX129925	46176	48018	46757	48599	0.0	708	194
KX898399	KX129925	20023	21885	20499	22361	0.0	699	159
KX898399	KX129925	20106	21968	20498	22360	0.0	695	131
KX898399	KX129925	40067	41908	39672	41513	0.0	694	132
KX898399	KX129925	6531	8400	6112	7981	0.0	683	140
KX898399	KX129925	13382	15254	13828	15700	0.0	680	149
KX898399	KX129925	7673	9545	8086	9958	0.0	677	138
KX898399	KX129925	57585	1089	58034	1538	0.0	660	150
KX898399	KX129925	49227	51271	49658	51702	0.0	657	144
KX898399	KX129925	41931	43772	41554	43395	0.0	655	126
KX898399	KX129925	26503	28365	26108	27970	0.0	646	132
KX898399	KX129925	51840	53912	52238	54310	0.0	643	133
KX898399	KX129925	14936	16808	14514	16386	0.0	638	141
KX898399	KX129925	20509	22371	20102	21964	0.0	621	136
KX898399	KX129925	17241	19113	16816	18688	0.0	616	142
KX898399	KX129925	3678	5547	3331	5200	0.0	614	116
KX898399	KX129925	12153	14025	11749	13621	0.0	610	135
KX898399	KX129925	47947	49991	48291	50335	0.0	606	115
KX898399	KX129925	58007	1511	58357	1861	0.0	602	117
KX898399	KX129925	54420	56491	54067	56138	0.0	595	118
KX898399	KX129925	52177	54249	51839	53911	0.0	586	113
KX898399	KX129925	49295	51339	48897	50941	0.0	586	133
KX898399	KX129925	52050	54122	51679	53751	0.0	576	124
KX898399	KX129925	41241	43082	40891	42732	0.0	571	117
KX898399	KX129925	24048	25909	23683	25544	0.0	565	122
KX898399	KX129925	52966	55038	52640	54712	0.0	560	109
KX898399	KX129925	23731	25592	24051	25912	0.0	560	107
KX898399	KX129925	2560	4429	2916	4785	0.0	559	119
KX898399	KX129925	56843	347	56499	3	0.0	558	115
KX898399	KX129925	34402	36264	34082	35944	0.0	552	107
KX898399	KX129925	46483	48325	46914	48756	0.0	549	144
KX898399	KX129925	53357	55429	53001	55073	0.0	546	119
KX898399	KX129925	55601	57672	55311	57382	0.0	542	97
KX898399	KX129925	52434	54506	52105	54177	0.0	540	110
KX898399	KX129925	35431	37293	35754	37616	0.0	538	108
KX898399	KX129925	14640	16512	14284	16156	0.0	536	119
KX898399	KX129925	33368	35230	33063	34925	0.0	530	102
KX898399	KX129925	57257	761	56898	402	0.0	530	120
KX898399	KX129925	34045	35907	33737	35599	0.0	526	103
KX898399	KX129925	55312	57383	55608	57679	0.0	517	99
KX898399	KX129925	33204	35066	32911	34773	0.0	516	98
KX898399	KX129925	5291	7160	5584	7453	0.0	513	98
KX898399	KX129925	20499	22361	20182	22044	0.0	513	106
KX898399	KX129925	40954	42795	41238	43079	0.0	513	95
KX898399	KX129925	5284	7153	5565	7434	0.0	512	94
KX898399	KX129925	8085	9957	7795	9667	0.0	503	97
KX898399	KX129925	33099	34961	33386	35248	0.0	501	96
KX898399	KX129925	50645	52721	50944	53020	0.0	501	100
KX898399	KX129925	54951	57022	55241	57312	0.0	501	97
KX898399	KX129925	54779	56850	54492	56563	0.0	494	96
KX898399	KX129925	33385	35247	33095	34957	0.0	494	97
KX898399	KX129925	43509	45350	43832	45673	0.0	494	108
KX898399	KX129925	55311	57382	55604	57675	0.0	489	98
KX898399	KX129925	14368	16240	14084	15956	0.0	481	95
KX898399	KX129925	49658	51702	49365	51409	0.0	475	98
KX898399	KX129925	11153	13025	11422	13294	0.0	474	90
KX898399	KX129925	33119	34981	33376	35238	0.0	471	86
KX898399	KX129925	24977	26839	25309	27171	0.0	469	111
KX898399	KX129925	29991	31853	29692	31554	0.0	466	100
KX898399	KX129925	21012	22873	20743	22604	0.0	465	90
KX898399	KX129925	50644	52723	50369	52448	0.0	463	92
KX898399	KX129925	50643	52722	50365	52444	0.0	463	93
KX898399	KX129925	1182	3051	910	2779	0.0	463	91
KX898399	KX129925	21009	22870	21260	23121	0.0	460	84
KX898399	KX129925	35514	37376	35245	37107	0.0	457	90
KX898399	KX129925	50369	52448	50100	52179	0.0	454	90
KX898399	KX129925	14713	16585	14417	16289	0.0	450	99
KX898399	KX129925	31667	33529	31981	33843	0.0	447	105
KX898399	KX129925	41527	43368	41778	43619	0.0	441	84
KX898399	KX129925	47022	48864	47294	49136	0.0	433	91
KX898399	KX129925	24602	26464	24919	26781	0.0	432	106
KX898399	KX129925	41474	43315	41698	43539	0.0	428	75
KX898399	KX129925	799	2662	545	2408	0.0	427	85
KX898399	KX129925	53365	55437	53090	55162	0.0	421	92
KX898399	KX129925	47294	49136	47049	48891	0.0	413	82
KX898399	KX129925	12617	14489	12354	14226	0.0	409	88
KX898399	KX129925	2	1865	232	2095	0.0	402	77
KX898399	KX129925	47050	48892	47304	49146	0.0	397	85
KX898399	KX129925	45411	47252	45151	46992	0.0	394	87
KX898399	KX129925	58131	1635	58358	1862	0.0	393	76
KX898399	KX129925	56494	58564	56255	58325	0.0	392	80
KX898399	KX129925	47292	49134	47050	48892	0.0	389	81
KX898399	KX129925	9789	11661	10019	11891	0.0	389	77
KX898399	KX129925	34572	36434	34333	36195	0.0	387	80
KX898399	KX129925	6042	7911	5827	7696	0.0	386	72
KX898399	KX129925	29898	31760	30128	31990	0.0	384	77
KX898399	KX129925	53360	55431	53596	55667	0.0	384	79
KX898399	KX129925	5839	7708	6072	7941	0.0	380	78
KX898399	KX129925	50326	52405	50099	52178	0.0	379	76
KX898399	KX129925	13952	15824	14176	16048	0.0	379	75
KX898399	KX129925	278	2141	499	2362	0.0	377	74
KX898399	KX129925	29359	31221	29628	31490	0.0	377	90
KX898399	KX129925	42802	44643	42599	44440	0.0	373	68
KX898399	KX129925	22349	24210	22549	24410	0.0	370	67
KX898399	KX129925	58357	1861	58145	1649	0.0	369	71
KX898399	KX129925	45102	46943	44908	46749	0.0	368	65
KX898399	KX129925	31313	33175	31528	33390	0.0	365	72
KX898399	KX129925	44097	45938	43858	45699	0.0	362	80
KX898399	KX129925	36109	37971	36336	38198	0.0	361	76
KX898399	KX129925	43298	45139	43113	44954	0.0	358	62
KX898399	KX129925	55806	57876	55603	57673	0.0	356	68
KX898399	KX129925	38173	40014	38376	40217	0.0	355	68
KX898399	KX129925	6232	8101	6450	8319	0.0	350	73
KX898399	KX129925	6746	8615	6525	8394	0.0	350	74
KX898399	KX129925	32613	34475	32822	34684	0.0	349	70
KX898399	KX129925	57512	1016	57312	816	0.0	346	67
KX898399	KX129925	51494	53570	51291	53367	0.0	341	68
KX898399	KX129925	6870	8739	7064	8933	0.0	336	65
KX898399	KX129925	1440	3309	1249	3118	0.0	336	64
KX898399	KX129925	46378	48220	46175	48017	0.0	334	68
KX898399	KX129925	15189	17061	15374	17246	0.0	332	62
KX898399	KX129925	47296	49137	47484	49325	0.0	329	63
KX898399	KX129925	54446	56517	54258	56329	0.0	328	63
KX898399	KX129925	11682	13554	11497	13369	0.0	325	62
KX898399	KX129925	32833	34695	32651	34513	0.0	324	61
KX898399	KX129925	29761	31623	29991	31853	0.0	324	77
KX898399	KX129925	22145	24006	21945	23806	0.0	323	67
KX898399	KX129925	20716	22577	20498	22359	0.0	322	73
KX898399	KX129925	7888	9760	8085	9957	0.0	316	66
KX898399	KX129925	10010	11882	9834	11706	0.0	313	59
KX898399	KX129925	48813	50857	48631	50675	0.0	309	61
KX898399	KX129925	47486	49327	47295	49136	0.0	306	64
KX898399	KX129925	14465	16337	14202	16074	0.0	305	88
KX898399	KX129925	23637	25498	23455	25316	0.0	304	61
KX898399	KX129925	41299	43140	41463	43304	0.0	302	55
KX898399	KX129925	24393	26254	24235	26096	0.0	296	53
KX898399	KX129925	47111	48953	47293	49135	0.0	292	61
KX898399	KX129925	24221	26082	24406	26267	0.0	290	62
KX898399	KX129925	4902	6771	5093	6962	0.0	288	64
KX898399	KX129925	45493	47334	45654	47495	0.0	288	54
KX898399	KX129925	46177	48019	46353	48195	0.0	280	59
KX898399	KX129925	32912	34774	33055	34917	0.0	278	48
KX898399	KX129925	29771	31633	29610	31472	0.0	275	54
KX898399	KX129925	7681	9553	7848	9720	0.0	274	56
KX898399	KX129925	23647	25508	23498	25359	0.0	273	50
KX898399	KX129925	16641	18513	16453	18325	0.0	272	63
KX898399	KX129925	52423	54495	52268	54340	0.0	270	52
KX898399	KX129925	40764	42605	40609	42450	0.0	261	52
KX898399	KX129925	34611	36473	34763	36625	0.0	260	51
KX898399	KX129925	57821	1325	57970	1474	0.0	259	50
KX898399	KX129925	50543	52622	50400	52479	0.0	258	48
KX898399	KX129925	22486	24347	22346	24207	0.0	254	47
KX898399	KX129925	45642	47483	45502	47343	0.0	248	47
KX898399	KX129925	37673	39535	37819	39681	0.0	247	49
KX898399	KX129925	2856	4725	2704	4573	0.0	238	51
KX898399	KX129925	18433	20305	18284	20156	0.0	237	50
KX898399	KX129925	24235	26096	24393	26254	0.0	234	53
KX898399	KX129925	15006	16878	15134	17006	0.0	230	43
KX898399	KX129925	5630	7499	5752	7621	0.0	225	41
KX898399	KX129925	41418	43259	41281	43122	0.0	222	46
KX898399	KX129925	14819	16691	14953	16825	0.0	219	45
KX898399	KX129925	52298	54370	52429	54501	0.0	217	44
KX898399	KX129925	38377	40218	38252	40093	0.0	214	42
KX898399	KX129925	7611	9483	7477	9349	0.0	214	45
KX898399	KX129925	33574	35436	33443	35305	0.0	211	44
KX898399	KX129925	25502	27364	25630	27492	0.0	208	43
KX898399	KX129925	49656	51700	49534	51578	0.0	207	41
KX898399	KX129925	43092	44933	42973	44814	0.0	206	40
KX898399	KX129925	39861	41702	39971	41812	0.0	206	37
KX898399	KX129925	51683	53759	51561	53637	0.0	202	41
KX898399	KX129925	52564	54636	52463	54535	0.0	195	34
KX898399	KX129925	4656	6525	4763	6632	0.0	192	36
KX898399	KX129925	14935	16807	14825	16697	0.0	191	37
KX898399	KX129925	12377	14249	12496	14368	0.0	189	40
KX898399	KX129925	33445	35307	33561	35423	0.0	189	39
KX898399	KX129925	10861	12733	10959	12831	0.0	186	33
KX898399	KX129925	26604	28466	26488	28350	0.0	183	39
KX898399	KX129925	57883	1387	57779	1283	0.0	183	35
KX898399	KX129925	7975	9847	7865	9737	0.0	181	37
KX898399	KX129925	50868	52944	50767	52843	0.0	180	34
KX898399	KX129925	26489	28351	26596	28458	0.0	179	36
KX898399	KX129925	12773	14645	12663	14535	0.0	176	37
KX898399	KX129925	38934	40775	39035	40876	0.0	171	34
KX898399	KX129925	14223	16095	14125	15997	0.0	170	33
KX898399	KX129925	25352	27214	25438	27300	0.0	164	29
KX898399	KX129925	20896	22757	20804	22665	0.0	163	31
KX898399	KX129925	7543	9415	7629	9501	0.0	162	29
KX898399	KX129925	51684	53760	51586	53662	0.0	161	33
KX898399	KX129925	47113	48953	46907	48747	0.0	161	69
KX898399	KX129925	46911	48751	47054	48894	0.0	160	48
KX898399	KX129925	33693	35555	33604	35466	0.0	159	30
KX898399	KX129925	23397	25258	23302	25163	0.0	159	32
KX898399	KX129925	23687	25548	23773	25634	0.0	157	29
KX898399	KX129925	51809	53881	51907	53979	0.0	156	33
KX898399	KX129925	7514	9386	7612	9484	0.0	155	33
KX898399	KX129925	32606	34468	32683	34545	0.0	146	26
KX898399	KX129925	52523	54595	52609	54681	0.0	146	29
KX898399	KX129925	879	2748	790	2659	0.0	146	30
KX898399	KX129925	5139	7008	5231	7100	0.0	145	31
KX898399	KX129925	10824	12696	10904	12776	0.0	145	27
KX898399	KX129925	49089	51133	49181	51225	0.0	145	31
KX898399	KX129925	3138	5007	3064	4933	0.0	144	25
KX898399	KX129925	33497	35359	33565	35427	0.0	141	23
KX898399	KX129925	24171	26032	24088	25949	0.0	139	28
KX898399	KX129925	16779	18651	16696	18568	0.0	137	28
KX898399	KX129925	46912	48752	47040	48880	0.0	137	43
KX898399	KX129925	24309	26170	24392	26253	0.0	134	28
KX898399	KX129925	15146	17018	15069	16941	0.0	134	26
KX898399	KX129925	44310	46151	44233	46074	0.0	128	26
KX898399	KX129925	7743	9615	7672	9544	0.0	128	24
KX898399	KX129925	51746	53818	51660	53732	0.0	124	29
KX898399	KX129925	34272	36134	34204	36066	0.0	123	23
KX898399	KX129925	52121	54193	52192	54264	0.0	122	24
KX898399	KX129925	51751	53823	51680	53752	0.0	121	24
KX898399	KX129925	21013	22874	20948	22809	0.0	121	22
KX898399	KX129925	56499	3	56576	80	0.0	119	26
KX898399	KX129925	11380	13252	11436	13308	0.0	114	19
KX898399	KX129925	22196	24057	22267	24128	0.0	114	24
KX898399	KX129925	51613	53689	51684	53760	0.0	114	24
KX898399	KX129925	49657	51701	49589	51633	0.0	110	23
KX898399	KX129925	10041	11913	9979	11851	0.0	110	21
KX898399	KX129925	47782	49785	47844	49847	0.0	109	21
KX898399	KX129925	6112	7981	6162	8031	0.0	108	17
KX898399	KX129925	50645	52724	50586	52665	0.0	106	20
KX898399	KX129925	56319	58389	56381	58451	0.0	105	21
KX898399	KX129925	43070	44911	43020	44861	0.0	104	17
KX898399	KX129925	47844	49847	47788	49791	0.0	103	19
KX898399	KX129925	46910	48750	47005	48845	0.0	103	32
KX898399	KX129925	47843	49846	47787	49790	0.0	101	19
KX898399	KX129925	47789	49792	47845	49848	0.0	100	19
KX898399	KX129925	56439	58509	56495	58565	0.0	98	19
KX898399	KX129925	31205	33067	31270	33132	0.0	97	22
KX898399	KX129925	57447	951	57500	1004	0.0	95	18
KX898399	KX129925	6759	8628	6815	8684	0.0	95	19
KX898399	KX129925	32792	34654	32839	34701	0.0	94	16
KX898399	KX129925	3006	4875	2953	4822	0.0	94	18
KX898399	KX129925	33552	35414	33499	35361	0.0	93	18
KX898399	KX129925	24109	25970	24168	26029	0.0	89	20
KX898399	KX129925	31100	32962	31147	33009	0.0	86	16
KX898399	KX129925	2962	4831	3003	4872	0.0	85	14
KX898399	KX129925	5650	7519	5700	7569	0.0	85	17
KX898399	KX129925	3900	5769	3844	5713	0.0	85	19
KX898399	KX129925	30992	32854	31042	32904	0.0	82	17
KX898399	KX129925	36394	38256	36441	38303	0.0	80	16
KX898399	KX129925	14324	16196	14374	16246	0.0	78	17
KX898399	KX129925	17328	19200	17281	19153	0.0	78	16
KX898399	KX129925	43388	45229	43350	45191	0.0	77	13
KX898399	KX129925	47763	49757	47674	49668	0.0	73	30
KX898399	KX129925	42531	44372	42493	44334	0.0	70	13
KX898399	KX129925	33691	35553	33653	35515	0.0	70	13
KX898399	KX129925	44181	46022	44146	45987	0.0	65	12
KX898399	KX129925	30264	32126	30229	32091	0.0	64	12
KX898399	KX129925	47743	49737	47675	49669	0.0	63	23
KX898399	KX129925	7801	9673	7769	9641	0.0	63	11
KX898399	KX129925	13312	15184	13277	15149	0.0	62	12
KX898399	KX129925	9773	11645	9744	11616	0.0	61	10
KX898399	KX129925	54905	56976	54867	56938	0.0	59	13
KX898399	KX129925	19617	21479	19585	21447	0.0	57	11
KX898399	KX129925	41502	43343	41476	43317	0.0	53	9
KX898399	KX129925	7702	9574	7670	9542	0.0	53	11
KX898399	KX129925	34140	36002	34111	35973	0.0	51	10
KX898399	KX129925	50268	52347	50242	52321	0.0	48	9
KX898399	KX129925	49528	51572	49499	51543	0.0	47	10
KX898399	KX129925	46935	48775	46912	48752	0.0	46	8
KX898399	KX129925	57672	1176	57646	1150	0.0	46	9
KX898399	KX129925	23615	25476	23638	25499	0.0	44	8
KX898399	KX129925	54171	54547	54197	54573	0.0	44	9
KX898399	KX129925	15753	8315	15779	8341	0.0	43	9
KX898399	KX129925	48226	49929	48203	49906	0.0	43	8
KX898399	KX129925	47758	49754	47717	49713	0.0	42	14
KX898399	KX129925	18741	20613	18718	20590	0.0	41	8
